"Season","Team","G","PA","HR","R","RBI","SB","BB%","K%","ISO","BABIP","AVG","OBP","SLG","wOBA","wRC+","BsR","Off","Def","WAR"
"2012","Angels","2267","6121","187","767","732","134","7.3 %","18.2 %",".159",".311",".274",".332",".433",".331","113","12.9","109.2","45.7","37.5"
"2011","Red Sox","2269","6414","203","875","842","102","9.0 %","17.3 %",".181",".314",".280",".349",".461",".352","117","-12.2","114.3","21.1","36.2"
"2013","Red Sox","2264","6382","178","853","819","123","9.1 %","20.5 %",".169",".329",".277",".349",".446",".347","114","12.1","115.5","6.7","35.9"
"2003","Braves","2362","6378","235","907","872","68","8.5 %","14.6 %",".192",".302",".284",".349",".475",".354","112","9.5","105.3","46.7","35.6"
"2002","Giants","2263","6304","198","784","751","74","9.8 %","15.2 %",".175",".289",".266",".344",".442",".338","109","2.8","73.5","72.1","35.1"
"2007","Phillies","2446","6537","213","892","850","138","9.8 %","18.4 %",".184",".311",".274",".354",".458",".351","105","20.6","63.6","78.5","34.9"
"2011","Rangers","2186","6261","210","855","807","143","7.6 %","14.9 %",".177",".304",".283",".340",".460",".347","112","20.6","107.4","17.2","34.6"
"2010","Reds","2370","6285","188","790","761","93","8.3 %","19.4 %",".164",".314",".272",".338",".436",".340","106","12.7","57.2","80.5","34.5"
"2003","Cardinals","2391","6466","196","876","827","82","9.0 %","14.7 %",".175",".302",".279",".350",".454",".346","109","9.2","83.9","53.5","34.4"
"2007","Yankees","2366","6528","201","968","929","123","9.8 %","15.2 %",".174",".318",".290",".366",".463",".361","119","11.9","168.4","-47.2","33.9"
"2004","Cardinals","2381","6297","214","855","817","111","8.7 %","17.2 %",".182",".307",".278",".344",".460",".344","107","18.9","72.1","60.7","33.6"
"2009","Rays","2345","6223","199","803","765","194","10.3 %","19.7 %",".177",".303",".263",".343",".439",".342","109","21.6","90.5","31.6","33.5"
"2008","Red Sox","2293","6402","173","845","807","120","10.1 %","16.7 %",".168",".315",".280",".358",".447",".351","110","-4.7","72.2","43.3","33.4"
"2009","Yankees","2369","6449","244","915","881","111","10.3 %","15.7 %",".194",".306",".283",".362",".478",".365","117","0.2","137.5","-24.8","33.3"
"2011","Yankees","2301","6306","222","867","836","147","9.9 %","18.0 %",".181",".292",".263",".343",".444",".345","113","6.6","101.6","6.3","33.0"
"2003","Red Sox","2313","6530","238","961","932","88","9.5 %","14.4 %",".202",".307",".289",".360",".491",".364","120","3.5","167.2","-61.5","32.6"
"2008","Cardinals","2396","6370","174","779","744","73","9.1 %","15.5 %",".152",".312",".281",".350",".433",".342","107","-10.0","46.4","72.3","32.4"
"2010","Yankees","2313","6379","201","859","823","103","10.4 %","17.8 %",".169",".300",".267",".350",".436",".346","112","12.1","101.5","-8.1","32.3"
"2014","Dodgers","2364","6231","134","718","686","138","8.3 %","20.0 %",".140",".318",".265",".333",".406",".327","112","-0.8","81.0","25.7","32.0"
"2009","Phillies","2285","6338","224","820","788","119","9.3 %","18.2 %",".189",".286",".258",".334",".447",".339","103","20.0","42.5","68.9","31.5"
"2008","Phillies","2396","6273","214","799","762","136","9.3 %","17.8 %",".182",".283",".255",".332",".438",".334","98","23.6","4.7","107.5","31.4"
"2002","Mariners","2251","6362","152","814","771","137","9.9 %","15.8 %",".144",".307",".275",".350",".419",".335","110","12.9","87.6","8.8","31.3"
"2010","Rays","2361","6270","160","802","769","172","10.7 %","20.6 %",".156",".293",".247",".333",".403",".326","106","37.6","78.6","8.7","31.3"
"2008","Rays","2299","6312","180","774","735","142","9.9 %","19.4 %",".162",".302",".260",".340",".422",".335","105","5.6","43.8","52.0","31.1"
"2003","Mariners","2180","6281","139","795","759","108","9.3 %","15.7 %",".139",".306",".271",".344",".410",".331","104","2.4","36.5","62.6","31.1"
"2008","Cubs","2345","6384","184","855","811","87","10.0 %","18.6 %",".165",".321",".278",".354",".443",".349","104","6.1","33.2","70.9","31.0"
"2005","Indians","2166","6255","207","790","760","62","8.0 %","17.5 %",".181",".302",".271",".334",".453",".340","110","3.6","76.4","20.2","30.9"
"2007","Tigers","2269","6364","177","887","857","103","7.4 %","16.6 %",".171",".323",".287",".345",".458",".347","108","8.0","75.1","19.4","30.7"
"2002","Cardinals","2366","6246","175","787","758","86","8.7 %","14.8 %",".157",".292",".268",".338",".425",".331","101","11.7","18.1","82.2","30.4"
"2014","Angels","2468","6284","155","773","729","81","7.8 %","20.1 %",".147",".305",".259",".322",".406",".321","110","1.7","67.7","3.6","30.0"
"2007","Red Sox","2278","6426","166","867","829","96","10.7 %","16.2 %",".165",".315",".279",".362",".444",".352","109","-5.0","70.7","11.8","29.7"
"2005","Braves","2347","6186","184","769","733","92","8.6 %","17.5 %",".170",".298",".265",".333",".435",".331","100","-1.7","-3.1","96.7","29.6"
"2011","Rays","2284","6152","172","707","674","155","9.3 %","19.4 %",".159",".281",".244",".322",".402",".319","103","10.4","35.1","43.7","29.4"
"2005","Phillies","2273","6345","167","807","760","116","10.1 %","17.1 %",".154",".306",".270",".348",".423",".335","98","9.2","-2.9","88.2","29.3"
"2012","Yankees","2367","6231","245","804","774","93","9.1 %","18.9 %",".188",".293",".265",".337",".453",".342","113","1.9","96.9","-24.8","29.2"
"2004","Braves","2349","6339","178","803","767","86","9.3 %","18.3 %",".164",".309",".270",".343",".434",".336","100","14.1","13.0","71.5","29.0"
"2011","Diamondbacks","2230","6096","172","731","702","133","8.7 %","20.5 %",".163",".294",".250",".322",".413",".322","97","9.0","-14.8","99.4","29.0"
"2013","Rays","2423","6242","165","700","670","73","9.4 %","18.8 %",".151",".295",".257",".329",".408",".324","107","-0.3","47.3","15.1","28.9"
"2011","Reds","2358","6329","183","735","697","97","8.5 %","19.8 %",".152",".297",".256",".326",".408",".322","99","8.7","3.6","71.0","28.7"
"2014","Orioles","2294","6130","211","705","681","44","6.5 %","21.0 %",".166",".296",".256",".311",".422",".323","104","-5.9","22.2","41.9","28.7"
"2009","Angels","2246","6305","173","883","841","148","8.7 %","16.7 %",".156",".322",".285",".350",".441",".346","108","8.6","75.5","-4.5","28.7"
"2008","Mets","2405","6388","172","799","751","138","9.7 %","16.0 %",".154",".296",".266",".340",".420",".332","100","12.7","13.4","66.1","28.6"
"2002","Yankees","2135","6377","223","897","857","100","10.0 %","18.4 %",".180",".310",".275",".354",".455",".352","116","-1.0","122.9","-55.4","28.5"
"2011","Cardinals","2403","6242","162","762","726","57","8.7 %","15.7 %",".151",".305",".273",".341",".425",".334","112","-16.5","72.3","2.7","28.4"
"2012","Cardinals","2391","6326","159","765","732","91","8.4 %","18.8 %",".150",".316",".271",".338",".421",".329","106","-3.0","45.1","28.9","28.3"
"2012","Giants","2384","6200","103","718","675","118","7.8 %","17.7 %",".128",".315",".269",".327",".397",".314","101","12.4","21.8","55.9","28.3"
"2003","Giants","2272","6204","180","755","713","53","9.6 %","15.8 %",".161",".291",".264",".338",".425",".330","100","-8.3","-11.7","94.8","28.2"
"2002","Angels","2307","6327","152","851","811","117","7.3 %","12.7 %",".150",".303",".282",".341",".433",".336","105","12.5","49.4","16.5","28.2"
"2006","Mets","2279","6291","200","834","800","146","8.7 %","17.0 %",".181",".293",".264",".334",".445",".334","99","20.5","13.8","66.4","28.1"
"2004","Dodgers","2357","6244","203","761","731","102","8.6 %","17.5 %",".161",".291",".262",".332",".423",".327","97","1.7","-19.9","96.9","28.0"
"2013","Dodgers","2336","6145","138","649","618","78","7.7 %","18.6 %",".133",".308",".264",".326",".396",".317","103","-6.2","16.5","58.8","27.8"
"2013","Athletics","2313","6209","186","767","725","74","9.2 %","19.0 %",".165",".289",".254",".327",".419",".327","108","9.3","65.5","-12.5","27.8"
"2007","Mets","2335","6344","177","804","761","200","8.7 %","15.5 %",".157",".303",".275",".342",".432",".336","100","14.2","17.4","57.5","27.7"
"2005","Red Sox","2344","6403","199","910","863","45","10.2 %","16.3 %",".174",".310",".281",".357",".454",".352","112","-2.9","92.8","-33.9","27.6"
"2004","Giants","2405","6466","183","850","805","43","10.9 %","13.5 %",".168",".290",".270",".357",".438",".340","105","-6.0","35.7","28.4","27.5"
"2014","Pirates","2362","6224","156","682","659","104","8.4 %","20.0 %",".145",".307",".259",".330",".404",".325","108","4.7","62.5","1.2","27.2"
"2007","Braves","2398","6374","176","810","781","64","8.4 %","18.0 %",".160",".314",".275",".339",".435",".337","99","-6.2","-12.5","80.5","27.2"
"2005","Cardinals","2324","6246","170","805","757","83","8.5 %","15.2 %",".153",".297",".270",".339",".423",".331","100","9.0","12.4","54.7","27.1"
"2013","Giants","2396","6168","107","629","596","67","7.6 %","17.5 %",".121",".304",".260",".320",".381",".309","100","-4.6","-2.2","69.0","26.9"
"2012","Brewers","2415","6224","202","776","741","158","7.5 %","19.9 %",".177",".299",".259",".325",".437",".329","102","12.7","30.1","33.2","26.9"
"2011","Brewers","2292","6113","185","721","693","94","7.9 %","17.7 %",".164",".293",".261",".325",".425",".327","103","0.3","20.6","43.4","26.9"
"2013","Tigers","2274","6388","176","796","767","35","8.3 %","16.8 %",".151",".320",".283",".346",".434",".341","114","-21.4","81.3","-42.9","26.8"
"2013","Orioles","2246","6144","212","745","719","79","6.8 %","18.3 %",".171",".288",".260",".313",".431",".323","101","14.1","16.7","29.7","26.8"
"2010","Brewers","2262","6304","182","750","710","81","8.7 %","19.3 %",".161",".304",".262",".335",".424",".334","104","0.6","32.4","30.3","26.8"
"2004","Indians","2287","6452","184","858","820","94","9.4 %","15.6 %",".168",".305",".276",".351",".444",".345","109","-4.7","72.7","-18.2","26.8"
"2004","Phillies","2317","6456","215","840","802","100","10.0 %","17.5 %",".176",".297",".267",".345",".443",".340","100","5.5","5.8","50.4","26.7"
"2010","Twins","2290","6257","142","781","749","68","8.9 %","15.5 %",".148",".306",".273",".341",".422",".335","106","-15.8","29.5","13.7","26.6"
"2003","Yankees","2180","6431","230","877","845","98","10.6 %","16.2 %",".182",".295",".271",".356",".453",".351","115","-0.3","119.4","-72.0","26.5"
"2003","Phillies","2227","6333","166","791","757","72","10.3 %","18.2 %",".158",".301",".261",".343",".419",".332","100","1.2","1.3","59.1","26.4"
"2003","Astros","2390","6320","191","805","763","66","8.8 %","16.2 %",".169",".289",".263",".336",".431",".333","97","10.9","-15.9","76.6","26.4"
"2010","Giants","2354","6143","162","697","660","55","7.9 %","17.9 %",".151",".293",".257",".321",".408",".320","98","-18.3","-31.6","94.2","26.3"
"2006","Padres","2396","6287","161","731","698","123","9.0 %","17.6 %",".154",".299",".263",".332",".416",".325","99","5.2","-5.0","65.1","26.1"
"2004","Padres","2316","6313","139","768","722","52","9.0 %","14.4 %",".141",".301",".273",".342",".414",".329","103","8.1","30.5","22.3","25.9"
"2006","Phillies","2410","6509","216","865","823","92","9.6 %","18.5 %",".180",".302",".267",".347",".447",".341","100","18.5","15.5","34.6","25.9"
"2009","Dodgers","2352","6385","145","780","739","116","9.5 %","16.7 %",".141",".309",".270",".346",".412",".332","102","4.0","18.7","34.1","25.8"
"2013","Braves","2293","6133","181","688","656","64","8.8 %","22.6 %",".153",".300",".249",".321",".402",".318","102","-5.1","4.4","52.5","25.8"
"2002","Twins","2289","6196","167","768","731","79","7.6 %","17.6 %",".165",".309",".272",".332",".437",".334","101","-5.6","1.1","45.0","25.7"
"2012","Braves","2264","6126","149","700","660","101","9.3 %","21.0 %",".142",".296",".247",".320",".389",".310","92","7.1","-49.0","104.2","25.7"
"2013","Angels","2311","6260","164","733","696","82","8.4 %","19.5 %",".150",".307",".264",".329",".414",".325","109","-9.7","54.8","-24.0","25.6"
"2008","Rangers","2281","6478","194","901","867","81","9.2 %","18.6 %",".179",".325",".283",".354",".462",".355","112","11.1","108.1","-73.4","25.6"
"2014","Nationals","2265","6216","152","686","635","101","8.3 %","21.0 %",".140",".303",".253",".321",".393",".317","99","15.4","8.5","39.5","25.5"
"2006","Blue Jays","2329","6241","199","809","778","65","8.2 %","14.5 %",".179",".306",".284",".348",".463",".349","107","-15.0","43.6","3.4","25.4"
"2004","Cubs","2290","6281","235","789","755","66","7.8 %","17.2 %",".190",".292",".268",".328",".458",".336","98","-12.0","-26.2","74.9","25.4"
"2008","Brewers","2227","6252","198","750","722","108","8.8 %","19.2 %",".179",".287",".253",".325",".431",".329","97","8.9","-11.7","61.6","25.2"
"2007","Brewers","2330","6238","231","801","774","96","8.0 %","18.2 %",".194",".289",".262",".329",".456",".337","100","7.4","7.7","44.1","25.1"
"2010","Tigers","2274","6312","152","751","717","69","8.7 %","18.2 %",".147",".311",".268",".335",".415",".330","102","9.7","23.9","2.2","25.1"
"2014","Athletics","2358","6245","146","729","686","83","9.4 %","17.7 %",".137",".278",".244",".320",".381",".312","102","10.3","26.5","0.2","25.0"
"2009","Brewers","2321","6296","182","785","757","68","9.7 %","19.6 %",".164",".305",".263",".341",".426",".336","103","-9.6","10.2","36.5","24.9"
"2012","Nationals","2338","6221","194","731","688","105","7.7 %","21.3 %",".166",".308",".261",".322",".428",".324","101","-4.6","4.2","39.3","24.8"
"2012","Rangers","2236","6216","200","808","780","91","7.7 %","17.7 %",".173",".306",".273",".334",".446",".336","106","-5.1","40.2","-10.1","24.8"
"2004","Red Sox","2417","6515","222","949","912","68","10.1 %","18.3 %",".190",".319",".282",".360",".472",".358","114","-17.1","97.9","-66.6","24.7"
"2004","Astros","2391","6271","187","804","756","89","9.4 %","15.9 %",".169",".293",".267",".342",".436",".336","98","10.0","-6.8","48.7","24.7"
"2009","Red Sox","2317","6344","212","872","822","126","10.4 %","17.7 %",".184",".301",".270",".352",".454",".351","106","-7.7","40.7","-13.2","24.5"
"2014","Blue Jays","2397","6167","177","723","690","78","8.1 %","18.7 %",".155",".295",".259",".323",".414",".325","107","0.8","45.7","-21.3","24.4"
"2010","Red Sox","2327","6356","211","818","782","68","9.2 %","17.9 %",".183",".299",".268",".339",".451",".345","109","-7.2","59.7","-41.3","24.4"
"2010","Phillies","2277","6291","166","772","736","108","8.9 %","16.9 %",".153",".292",".260",".332",".413",".327","99","13.3","5.5","33.5","24.3"
"2006","Yankees","2430","6455","210","930","902","139","10.1 %","16.3 %",".177",".315",".285",".363",".461",".356","113","7.4","118.9","-91.9","24.2"
"2002","Red Sox","2172","6332","177","859","810","80","8.6 %","14.9 %",".168",".302",".277",".345",".444",".343","107","-0.4","54.5","-28.8","24.2"
"2003","Twins","2269","6324","155","801","755","94","8.1 %","16.2 %",".154",".312",".277",".341",".431",".335","102","1.8","19.8","5.4","24.0"
"2013","Reds","2286","6293","155","698","664","67","9.3 %","19.8 %",".142",".293",".249",".327",".391",".316","96","-0.7","-31.6","67.1","24.0"
"2008","Indians","2199","6299","171","805","772","77","8.9 %","19.3 %",".162",".305",".262",".339",".424",".334","103","0.7","24.6","-0.4","23.9"
"2002","Phillies","2260","6323","165","710","676","104","10.1 %","17.3 %",".163",".294",".259",".339",".422",".331","101","1.1","5.4","27.8","23.9"
"2013","Pirates","2369","6135","161","634","603","94","7.6 %","21.7 %",".151",".294",".245",".313",".396",".312","99","1.1","-4.1","42.9","23.8"
"2002","Dodgers","2302","6147","155","713","693","96","7.0 %","15.3 %",".146",".291",".264",".320",".409",".317","96","-3.5","-36.3","73.4","23.7"
"2006","Braves","2435","6284","222","849","818","52","8.4 %","18.6 %",".184",".304",".270",".337",".455",".339","100","-13.4","-13.1","48.1","23.7"
"2008","Astros","2312","6051","167","712","684","114","7.4 %","17.4 %",".152",".296",".263",".323",".415",".322","94","0.4","-49.2","90.4","23.7"
"2014","Tigers","2330","6202","155","757","731","106","7.1 %","18.4 %",".150",".319",".277",".331",".426",".331","112","-8.6","71.7","-57.9","23.4"
"2004","Angels","2217","6296","162","836","783","143","7.1 %","15.0 %",".147",".312",".282",".341",".429",".334","103","2.2","23.8","1.4","23.4"
"2003","Marlins","2190","6186","157","751","709","150","8.3 %","15.8 %",".155",".296",".266",".333",".421",".327","99","2.8","-7.6","41.8","23.4"
"2006","Cardinals","2359","6225","184","781","745","59","8.5 %","14.8 %",".163",".292",".269",".337",".431",".331","98","5.9","-13.3","46.0","23.3"
"2012","Reds","2211","6115","172","669","636","87","7.9 %","20.7 %",".159",".296",".251",".315",".411",".314","93","15.4","-34.1","65.9","23.2"
"2011","Tigers","2309","6231","169","787","750","49","8.4 %","18.3 %",".157",".318",".277",".340",".434",".337","109","-15.2","48.5","-30.2","23.2"
"2004","White Sox","2245","6197","242","865","823","78","8.1 %","16.6 %",".189",".288",".268",".333",".457",".340","101","-1.6","7.3","19.4","23.2"
"2005","Reds","2309","6321","222","820","784","72","9.7 %","20.6 %",".185",".302",".261",".339",".446",".340","103","12.9","35.5","-10.3","23.2"
"2010","Cardinals","2347","6241","150","736","689","79","8.7 %","16.5 %",".139",".296",".263",".332",".402",".322","99","1.8","-6.8","35.6","23.1"
"2007","Rockies","2407","6498","171","860","823","100","9.6 %","17.7 %",".158",".322",".280",".354",".437",".346","97","10.1","-19.4","41.6","23.1"
"2002","Athletics","2312","6291","205","800","772","46","9.7 %","16.0 %",".171",".284",".261",".339",".432",".337","106","10.1","59.2","-42.7","23.1"
"2005","Athletics","2164","6275","155","772","739","31","8.6 %","13.1 %",".145",".281",".262",".330",".407",".323","99","12.0","3.9","13.7","23.0"
"2010","Padres","2352","6148","132","665","630","124","8.8 %","19.2 %",".125",".290",".246",".317",".371",".304","92","9.3","-50.2","80.8","23.0"
"2014","Giants","2353","6087","132","665","636","56","7.0 %","20.5 %",".133",".304",".255",".311",".388",".308","99","0.1","-5.5","34.4","23.0"
"2013","Royals","2236","6093","112","648","620","153","6.9 %","17.2 %",".119",".300",".260",".315",".379",".305","89","18.2","-57.4","68.2","22.8"
"2009","Cardinals","2358","6168","160","730","694","75","8.6 %","16.9 %",".152",".296",".263",".332",".415",".325","98","13.4","-1.6","30.9","22.7"
"2006","Twins","2226","6228","143","801","754","101","7.9 %","14.0 %",".138",".316",".287",".347",".425",".334","101","-1.4","5.9","13.5","22.7"
"2002","White Sox","2208","6208","217","856","819","75","8.9 %","15.3 %",".181",".287",".268",".338",".449",".342","105","-1.2","40.1","-26.9","22.5"
"2003","White Sox","2277","6148","220","791","766","77","8.4 %","14.9 %",".182",".279",".263",".331",".446",".336","101","-5.1","3.1","12.9","22.5"
"2003","Padres","2384","6246","128","678","641","76","9.0 %","17.2 %",".127",".301",".261",".333",".388",".318","95","2.0","-38.3","60.8","22.4"
"2011","Angels","2187","6088","155","667","629","135","7.3 %","17.8 %",".149",".288",".253",".313",".402",".313","98","-3.8","-14.6","28.1","22.2"
"2002","Diamondbacks","2331","6318","165","819","783","92","10.2 %","16.1 %",".156",".298",".267",".346",".423",".335","97","1.8","-21.0","36.6","22.1"
"2004","Orioles","2278","6431","169","842","803","101","8.2 %","14.8 %",".150",".309",".281",".345",".432",".337","103","6.4","31.9","-25.2","22.0"
"2010","Blue Jays","2206","6072","257","755","732","58","7.8 %","19.2 %",".206",".269",".248",".312",".454",".334","105","-12.3","25.1","-20.8","21.9"
"2002","Rangers","2389","6336","230","843","807","62","8.7 %","16.7 %",".186",".292",".269",".338",".455",".343","103","3.0","25.8","-22.9","21.9"
"2006","Tigers","2214","6198","203","822","785","60","6.9 %","18.3 %",".174",".310",".274",".329",".449",".334","99","-1.6","-12.2","23.4","21.8"
"2004","Yankees","2281","6364","242","897","863","84","10.5 %","15.4 %",".189",".285",".268",".353",".458",".350","112","-7.1","94.1","-88.1","21.7"
"2007","Indians","2225","6367","178","811","784","72","9.3 %","18.9 %",".159",".310",".268",".343",".428",".336","104","0.3","31.9","-29.6","21.7"
"2010","Rangers","2312","6302","162","787","740","123","8.1 %","15.6 %",".143",".307",".276",".338",".419",".333","98","4.5","-7.1","0.9","21.7"
"2004","Tigers","2255","6285","201","827","800","86","8.2 %","18.2 %",".177",".308",".272",".337",".449",".339","106","3.9","49.5","-41.5","21.7"
"2007","Angels","2230","6198","123","822","776","139","8.2 %","14.2 %",".133",".315",".284",".345",".417",".333","100","3.7","5.3","2.0","21.6"
"2011","Dodgers","2304","6094","117","644","613","126","8.2 %","17.8 %",".118",".299",".257",".322",".375",".307","95","10.2","-24.6","39.6","21.6"
"2013","Rangers","2321","6196","176","730","691","149","7.5 %","17.2 %",".150",".294",".262",".323",".412",".323","97","2.0","-22.5","18.3","21.6"
"2010","Diamondbacks","2271","6183","180","713","691","86","9.5 %","24.7 %",".166",".312",".250",".325",".416",".325","93","-8.3","-62.8","78.0","21.5"
"2014","Cardinals","2324","6086","105","619","585","57","7.7 %","18.6 %",".116",".300",".253",".320",".369",".308","95","-14.5","-48.0","63.3","21.5"
"2014","Royals","2273","6058","95","651","604","153","6.3 %","16.3 %",".113",".302",".263",".314",".376",".306","92","3.1","-49.5","50.5","21.5"
"2010","Braves","2376","6252","139","738","699","63","10.1 %","18.2 %",".143",".301",".258",".339",".401",".327","100","-2.1","-2.9","15.7","21.5"
"2012","Padres","2384","6112","121","651","610","155","8.8 %","20.3 %",".133",".297",".247",".319",".380",".307","97","12.5","-9.7","24.5","21.4"
"2013","Cardinals","2341","6202","125","783","745","45","7.8 %","17.9 %",".133",".314",".269",".332",".401",".322","104","-9.9","20.2","-6.4","21.3"
"2005","Cubs","2276","6161","194","703","674","65","6.8 %","14.9 %",".170",".291",".270",".324",".440",".329","95","-5.6","-47.4","59.4","21.3"
"2012","Phillies","2294","6172","158","684","659","116","7.4 %","17.7 %",".144",".290",".255",".317",".400",".311","93","11.2","-40.3","52.0","21.3"
"2006","Indians","2135","6303","196","870","839","55","8.8 %","19.1 %",".177",".324",".280",".349",".457",".347","108","-2.9","62.8","-61.4","21.2"
"2013","Diamondbacks","2349","6334","130","685","647","62","8.2 %","18.0 %",".133",".301",".259",".323",".391",".314","93","-18.8","-69.7","78.0","21.2"
"2008","Braves","2407","6368","130","753","721","58","9.7 %","16.1 %",".138",".309",".270",".345",".408",".332","99","-5.8","-12.5","18.2","21.1"
"2007","Cubs","2379","6268","151","752","711","86","8.0 %","16.8 %",".150",".308",".271",".333",".422",".329","90","-3.9","-87.0","96.7","21.1"
"2009","Twins","2315","6346","172","817","770","85","9.2 %","16.1 %",".155",".306",".274",".345",".429",".338","104","15.3","42.9","-49.1","21.1"
"2012","Rays","2406","6105","175","697","665","134","9.4 %","21.7 %",".155",".284",".240",".317",".394",".311","100","-2.9","-3.2","1.9","21.1"
"2012","Athletics","2247","6183","195","713","676","122","8.9 %","22.4 %",".166",".281",".238",".310",".404",".311","97","20.1","1.0","-5.3","21.0"
"2003","Pirates","2346","6315","163","753","711","86","8.4 %","16.6 %",".153",".302",".267",".338",".420",".331","97","5.5","-23.5","29.3","21.0"
"2005","Tigers","2211","6136","168","723","678","66","6.3 %","16.9 %",".157",".304",".272",".321",".428",".324","99","5.5","-5.1","5.9","20.9"
"2005","Rangers","2193","6301","260","865","834","67","7.9 %","17.6 %",".201",".290",".267",".329",".468",".344","106","6.2","49.1","-54.3","20.8"
"2007","Marlins","2423","6344","201","790","749","105","8.2 %","21.0 %",".181",".315",".267",".336",".448",".340","101","3.8","9.4","-6.3","20.7"
"2006","Dodgers","2384","6394","153","820","787","128","9.4 %","15.0 %",".157",".307",".276",".348",".432",".337","101","-4.8","3.4","-2.6","20.7"
"2012","Diamondbacks","2213","6150","165","734","710","93","8.8 %","20.6 %",".159",".307",".259",".328",".418",".323","97","-4.3","-29.4","36.0","20.7"
"2008","Marlins","2361","6206","208","770","741","76","8.7 %","22.1 %",".179",".300",".254",".326",".433",".330","96","5.7","-27.5","33.5","20.6"
"2005","Devil Rays","2245","6120","157","750","717","151","6.7 %","16.2 %",".151",".306",".274",".329",".425",".327","101","10.3","15.0","-16.4","20.6"
"2011","Phillies","2203","6279","153","713","693","96","8.6 %","16.3 %",".142",".283",".253",".323",".395",".315","96","3.5","-29.5","28.9","20.6"
"2004","Athletics","2217","6459","189","793","752","47","9.4 %","16.4 %",".163",".300",".270",".343",".433",".337","102","-5.8","10.7","-20.0","20.6"
"2002","Braves","2319","6224","164","708","669","76","9.0 %","16.5 %",".150",".290",".260",".331",".409",".322","94","-7.9","-57.8","60.4","20.5"
"2011","Royals","2134","6267","129","730","705","153","7.1 %","16.1 %",".140",".311",".275",".329",".415",".325","101","0.7","4.5","-13.7","20.4"
"2005","Padres","2380","6271","130","684","655","99","9.6 %","15.6 %",".134",".289",".257",".333",".391",".318","98","-0.3","-19.8","17.7","20.3"
"2003","Rangers","2311","6293","239","826","799","65","7.8 %","16.7 %",".188",".287",".266",".330",".454",".338","99","7.8","-1.8","-9.5","20.2"
"2010","Athletics","2255","6117","109","663","619","156","8.6 %","17.3 %",".122",".297",".256",".324",".378",".313","95","17.8","-20.6","6.9","20.2"
"2003","Angels","2286","6119","150","736","687","129","7.8 %","13.7 %",".144",".291",".268",".330",".413",".323","96","-4.9","-32.9","27.1","20.2"
"2006","Marlins","2354","6191","182","758","713","110","8.0 %","20.2 %",".171",".309",".264",".331",".435",".329","96","12.6","-18.2","20.0","20.2"
"2009","Marlins","2394","6312","159","772","727","75","9.0 %","19.4 %",".148",".316",".268",".340",".416",".332","97","4.5","-16.7","14.4","20.0"
"2006","Reds","2335","6296","217","749","718","124","9.8 %","18.9 %",".175",".290",".257",".336",".432",".332","94","16.4","-36.5","31.1","19.8"
"2006","Mariners","2259","6213","172","756","703","106","6.5 %","15.7 %",".153",".300",".272",".325",".424",".322","95","4.0","-37.6","26.5","19.7"
"2009","Mariners","2150","6113","160","640","613","89","6.9 %","17.9 %",".144",".293",".258",".314",".402",".313","89","-4.5","-87.0","75.2","19.7"
"2013","Indians","2337","6165","171","745","711","117","9.1 %","20.8 %",".155",".300",".255",".327",".410",".324","104","10.6","38.4","-59.0","19.7"
"2006","Astros","2393","6326","174","735","708","79","9.2 %","17.0 %",".154",".286",".255",".332",".409",".322","90","5.7","-82.5","74.7","19.7"
"2005","Angels","2234","6186","147","761","726","161","7.2 %","13.7 %",".139",".294",".270",".325",".409",".319","96","3.3","-30.8","17.0","19.6"
"2006","Nationals","2430","6283","164","746","695","123","9.5 %","18.4 %",".156",".301",".262",".338",".418",".327","96","3.3","-27.3","18.8","19.5"
"2014","Rockies","2387","6164","186","755","721","85","6.4 %","20.8 %",".169",".326",".276",".327",".445",".337","97","-10.7","-31.5","25.5","19.4"
"2005","Brewers","2226","6156","175","726","689","79","8.6 %","18.9 %",".163",".298",".259",".331",".423",".327","95","-5.2","-44.4","37.3","19.4"
"2013","Nationals","2241","6047","161","656","621","88","7.7 %","19.7 %",".146",".292",".251",".313",".398",".311","94","4.4","-33.4","32.9","19.3"
"2006","White Sox","2286","6318","236","868","839","93","7.9 %","16.7 %",".184",".305",".280",".342",".464",".346","103","-8.4","14.4","-34.1","19.3"
"2011","Mets","2383","6335","108","718","676","130","9.0 %","17.1 %",".127",".307",".264",".335",".391",".319","102","11.1","25.0","-39.9","19.3"
"2013","Cubs","2294","6079","172","602","576","63","7.2 %","20.2 %",".154",".275",".238",".300",".392",".304","90","-10.7","-77.1","75.3","19.2"
"2012","Red Sox","2317","6166","165","734","695","97","6.9 %","19.4 %",".155",".301",".260",".315",".415",".316","95","3.1","-36.6","15.7","19.2"
"2009","Rockies","2352","6241","190","804","760","106","10.6 %","20.5 %",".180",".305",".261",".343",".441",".341","96","5.3","-29.7","21.1","19.2"
"2005","Blue Jays","2281","6233","136","775","735","72","7.8 %","15.3 %",".142",".296",".265",".331",".407",".323","94","12.3","-33.3","13.6","19.1"
"2013","Mets","2378","6207","130","619","593","114","8.2 %","22.3 %",".129",".291",".237",".306",".366",".297","90","24.8","-47.4","40.3","19.1"
"2009","Blue Jays","2202","6362","209","798","766","73","8.6 %","16.2 %",".174",".290",".266",".333",".440",".337","101","12.2","21.5","-48.3","19.1"
"2002","Marlins","2319","6263","146","699","653","177","9.5 %","18.0 %",".142",".301",".261",".337",".403",".323","97","5.4","-14.7","1.7","19.1"
"2012","White Sox","2277","6111","211","748","726","109","7.5 %","19.7 %",".167",".289",".255",".318",".422",".322","98","-7.5","-18.7","-2.2","19.0"
"2002","Blue Jays","2236","6230","187","813","771","71","8.4 %","18.3 %",".169",".295",".261",".327",".430",".329","97","11.5","-15.5","-7.8","18.9"
"2014","Brewers","2327","6065","150","650","617","102","7.0 %","19.7 %",".147",".293",".250",".311",".397",".313","94","-10.7","-54.8","46.9","18.9"
"2009","Braves","2335","6335","149","735","700","58","9.5 %","16.8 %",".142",".300",".263",".339",".405",".327","97","-20.2","-44.2","29.4","18.9"
"2005","Orioles","2323","6134","189","729","700","83","7.3 %","14.7 %",".165",".289",".269",".327",".434",".330","101","-9.5","-0.6","-18.7","18.8"
"2012","Tigers","2248","6119","163","726","698","59","8.4 %","18.0 %",".154",".307",".268",".335",".422",".328","105","-17.1","16.1","-40.4","18.7"
"2014","Marlins","2311","6185","122","645","614","58","8.1 %","22.9 %",".125",".316",".253",".317",".378",".307","95","-5.7","-42.4","28.7","18.6"
"2002","Astros","2342","6252","167","749","719","71","9.4 %","17.9 %",".156",".300",".262",".338",".417",".329","94","-6.2","-50.9","33.4","18.6"
"2008","Twins","2287","6331","111","829","791","102","8.4 %","15.5 %",".129",".316",".279",".340",".408",".328","99","12.3","4.7","-35.2","18.6"
"2003","Blue Jays","2278","6364","190","894","853","37","8.6 %","17.0 %",".175",".313",".279",".349",".455",".347","108","-5.7","56.6","-88.7","18.4"
"2008","Orioles","2340","6211","172","782","750","81","8.6 %","15.9 %",".162",".296",".267",".333",".429",".333","99","-5.1","-17.0","-11.0","18.4"
"2004","Rangers","2240","6256","227","860","825","69","8.0 %","17.6 %",".191",".291",".266",".329",".457",".336","95","18.0","-25.9","1.3","18.4"
"2013","Padres","2359","6122","146","618","578","118","7.6 %","21.4 %",".133",".294",".245",".308",".378",".302","93","8.4","-40.6","29.5","18.4"
"2006","Royals","2272","6229","124","757","718","65","7.6 %","16.7 %",".140",".311",".271",".332",".411",".323","92","3.0","-64.6","37.7","18.3"
"2005","Marlins","2296","6214","128","717","678","96","8.2 %","14.8 %",".137",".304",".272",".339",".409",".326","98","-7.1","-23.0","2.5","18.2"
"2004","Marlins","2223","6160","148","718","677","96","8.1 %","15.7 %",".143",".295",".264",".329",".406",".321","94","0.5","-51.1","30.1","18.2"
"2008","Yankees","2330","6257","180","789","758","118","8.6 %","16.2 %",".156",".302",".271",".342",".427",".338","104","-6.7","24.3","-56.3","18.2"
"2014","Twins","2292","6233","128","715","675","99","8.7 %","21.3 %",".135",".309",".254",".324",".389",".316","100","21.1","24.0","-59.1","18.1"
"2005","Astros","2324","6139","161","693","654","115","7.8 %","16.9 %",".152",".288",".256",".322",".408",".318","90","-0.1","-77.8","58.5","18.1"
"2005","Mets","2213","6146","175","722","683","153","7.9 %","17.5 %",".158",".290",".258",".322",".416",".320","93","21.0","-32.8","13.2","18.1"
"2014","Rays","2352","6205","117","612","586","63","8.5 %","18.1 %",".120",".287",".247",".317",".367",".305","97","1.3","-19.6","-15.1","18.1"
"2007","Cardinals","2440","6211","141","725","690","56","8.1 %","14.6 %",".132",".303",".274",".337",".405",".326","94","-12.7","-61.3","40.6","18.0"
"2005","White Sox","2208","6146","200","741","713","137","7.1 %","16.3 %",".163",".286",".262",".322",".425",".324","95","-1.9","-42.1","13.8","18.0"
"2008","Tigers","2267","6331","200","821","780","63","9.0 %","17.0 %",".173",".301",".271",".340",".444",".343","106","-6.7","42.3","-78.7","18.0"
"2010","Marlins","2300","6194","152","719","686","92","8.3 %","22.2 %",".149",".309",".254",".321",".403",".318","92","22.5","-36.2","16.8","18.0"
"2009","Tigers","2350","6234","183","743","718","72","8.7 %","17.9 %",".156",".294",".260",".331",".416",".328","94","0.4","-48.5","13.9","17.9"
"2014","Mets","2294","6145","125","629","602","101","8.4 %","20.6 %",".126",".286",".239",".308",".364",".299","92","-1.1","-56.7","36.9","17.8"
"2007","Devil Rays","2229","6280","187","782","750","131","8.7 %","21.1 %",".165",".318",".268",".336",".433",".335","103","8.4","29.5","-66.0","17.6"
"2002","Mets","2389","6150","160","690","650","87","7.9 %","17.0 %",".139",".289",".256",".322",".395",".314","91","-6.1","-73.1","49.4","17.6"
"2003","Devil Rays","2223","6212","137","715","678","142","6.8 %","16.6 %",".139",".301",".265",".320",".404",".314","90","13.2","-65.7","30.0","17.6"
"2009","Rangers","2158","6127","224","784","748","149","7.7 %","20.5 %",".185",".296",".260",".320",".445",".331","92","9.1","-49.8","15.7","17.5"
"2009","Reds","2314","6187","158","673","637","96","8.6 %","18.2 %",".147",".282",".247",".318",".394",".313","84","5.2","-118.5","94.3","17.4"
"2005","Yankees","2319","6406","229","886","847","84","9.9 %","15.4 %",".174",".297",".276",".355",".450",".350","116","-3.4","118.5","-160.9","17.4"
"2004","Mariners","2280","6362","136","698","658","110","7.7 %","16.6 %",".127",".308",".270",".331",".396",".317","93","-6.4","-65.3","26.1","17.3"
"2004","Twins","2318","6286","191","780","735","116","8.2 %","15.6 %",".166",".290",".266",".332",".431",".330","97","5.5","-22.3","-15.6","17.2"
"2007","Athletics","2220","6365","171","741","711","52","10.4 %","17.6 %",".151",".290",".256",".338",".407",".328","99","-7.0","-12.1","-32.1","17.2"
"2002","Cubs","2294","6244","200","707","676","63","9.4 %","20.3 %",".167",".283",".246",".321",".413",".320","93","-7.0","-59.0","27.5","17.2"
"2006","Orioles","2295","6240","164","768","727","121","7.6 %","14.1 %",".146",".302",".277",".339",".424",".331","96","-4.5","-36.4","-2.7","17.1"
"2008","Angels","2229","6155","159","765","721","129","7.8 %","16.0 %",".145",".299",".268",".330",".413",".324","96","-1.0","-30.9","-7.9","17.1"
"2011","Padres","2355","6074","91","593","563","170","8.2 %","21.7 %",".112",".294",".237",".305",".349",".290","86","18.2","-77.3","50.0","17.1"
"2006","Angels","2264","6221","159","766","737","148","7.8 %","14.7 %",".150",".301",".274",".334",".425",".327","95","11.3","-27.4","-12.1","17.0"
"2010","Mets","2348","6144","128","656","625","130","8.2 %","17.8 %",".134",".287",".249",".314",".383",".307","89","10.6","-70.9","43.5","17.0"
"2014","Cubs","2358","6102","157","614","590","65","7.2 %","24.2 %",".146",".296",".239",".300",".385",".303","91","4.5","-59.0","31.7","16.9"
"2007","Dodgers","2417","6282","129","735","706","137","8.1 %","13.8 %",".131",".303",".275",".337",".406",".326","94","18.3","-33.3","-1.5","16.8"
"2003","Cubs","2285","6187","172","724","691","73","8.0 %","18.7 %",".157",".297",".259",".323",".416",".321","91","-9.4","-83.7","50.9","16.8"
"2005","Nationals","2352","6142","117","639","615","45","8.0 %","17.7 %",".134",".293",".252",".322",".386",".309","88","-16.4","-112.9","78.8","16.6"
"2014","Yankees","2288","6082","147","633","591","112","7.4 %","18.6 %",".135",".282",".245",".307",".380",".305","94","4.2","-37.5","-6.7","16.6"
"2013","Blue Jays","2314","6152","185","712","669","112","8.3 %","18.3 %",".158",".284",".252",".318",".411",".320","99","4.6","-2.0","-46.6","16.6"
"2002","Reds","2353","6254","169","709","678","116","9.3 %","19.0 %",".155",".293",".253",".330",".408",".322","91","1.2","-73.9","36.4","16.6"
"2006","Athletics","2197","6281","175","771","735","61","10.3 %","15.5 %",".152",".285",".260",".340",".412",".328","97","-16.5","-38.5","-8.1","16.5"
"2009","Giants","2304","6057","122","657","612","78","6.5 %","19.1 %",".132",".302",".257",".309",".389",".305","83","10.0","-118.1","88.9","16.5"
"2003","Rockies","2352","6283","198","853","814","63","9.9 %","18.0 %",".179",".302",".267",".344",".445",".342","90","1.0","-78.4","39.6","16.5"
"2014","Red Sox","2283","6226","123","634","601","63","8.6 %","21.5 %",".124",".297",".244",".316",".369",".305","89","-8.3","-83.2","32.9","16.5"
"2004","Devil Rays","2182","6098","145","714","685","132","7.7 %","15.5 %",".147",".286",".258",".320",".405",".315","87","16.1","-82.6","41.6","16.3"
"2007","Blue Jays","2308","6197","165","753","719","57","8.6 %","16.8 %",".160",".290",".259",".327",".419",".326","95","-11.3","-47.2","-0.8","16.2"
"2013","Brewers","2335","6064","157","640","610","142","6.7 %","19.5 %",".145",".294",".252",".311",".398",".311","91","-6.5","-65.6","35.3","16.1"
"2008","Blue Jays","2244","6191","126","714","681","80","8.4 %","15.2 %",".135",".295",".264",".331",".399",".322","94","-10.9","-60.7","10.3","16.1"
"2011","Marlins","2348","6232","149","625","596","95","8.7 %","20.0 %",".142",".291",".247",".318",".388",".311","92","2.1","-56.1","14.5","16.1"
"2009","Diamondbacks","2301","6269","173","720","686","102","9.1 %","20.7 %",".165",".299",".253",".324",".418",".324","89","13.1","-75.3","34.7","16.1"
"2006","Red Sox","2346","6435","192","820","777","51","10.4 %","16.4 %",".166",".298",".269",".351",".435",".340","100","-10.3","-13.3","-43.5","16.1"
"2009","Indians","2188","6320","161","773","730","84","9.2 %","19.2 %",".153",".308",".264",".339",".417",".333","100","-1.1","-0.7","-54.8","16.1"
"2014","Reds","2213","5978","131","595","562","122","6.9 %","20.9 %",".127",".284",".238",".296",".365",".294","83","-0.1","-114.3","82.4","16.0"
"2006","Brewers","2206","6130","180","730","695","71","8.2 %","20.1 %",".162",".300",".258",".327",".420",".322","89","-1.5","-87.8","47.7","15.9"
"2014","Mariners","2333","5977","136","634","600","96","6.6 %","20.6 %",".132",".290",".244",".300",".376",".299","94","2.4","-37.9","-9.5","15.9"
"2006","Rangers","2227","6273","183","835","799","53","8.1 %","16.9 %",".168",".311",".278",".338",".446",".337","97","-7.4","-31.5","-21.7","15.9"
"2009","Padres","2348","6179","141","638","605","82","9.5 %","19.1 %",".138",".284",".242",".321",".381",".309","93","-10.4","-67.1","27.5","15.9"
"2012","Dodgers","2356","6091","116","637","607","104","7.9 %","19.0 %",".122",".298",".252",".317",".374",".302","90","-7.9","-81.2","43.2","15.8"
"2007","Padres","2334","6326","171","741","704","55","8.8 %","19.4 %",".160",".291",".251",".322",".411",".320","96","3.3","-30.2","-16.6","15.8"
"2009","Nationals","2401","6273","156","710","685","73","9.8 %","19.3 %",".148",".302",".258",".337",".406",".327","96","-5.7","-37.9","-6.3","15.7"
"2009","Cubs","2343","6244","161","707","678","56","9.5 %","19.0 %",".152",".296",".255",".332",".407",".324","90","-13.2","-89.3","45.9","15.7"
"2006","Giants","2313","6136","163","746","711","58","8.1 %","14.5 %",".163",".282",".259",".324",".422",".320","88","-15.8","-116.2","73.5","15.7"
"2012","Twins","2271","6209","131","701","666","135","8.1 %","17.2 %",".130",".298",".260",".325",".390",".313","95","-1.2","-34.4","-22.1","15.7"
"2011","Giants","2370","6091","121","570","534","85","7.4 %","18.4 %",".126",".281",".242",".303",".368",".295","88","-6.5","-87.9","46.0","15.6"
"2014","Braves","2252","6064","123","573","545","95","7.8 %","22.6 %",".119",".298",".241",".305",".360",".296","86","-5.2","-99.7","61.7","15.6"
"2008","White Sox","2298","6231","235","811","785","67","8.7 %","16.3 %",".185",".281",".263",".332",".448",".339","101","-27.4","-17.7","-39.4","15.6"
"2004","Reds","2361","6278","194","750","713","77","9.5 %","21.3 %",".168",".295",".250",".331",".418",".326","92","-9.3","-77.5","25.6","15.6"
"2009","Athletics","2306","6247","135","759","723","133","8.4 %","16.7 %",".135",".298",".262",".328",".397",".320","94","12.8","-38.0","-20.3","15.5"
"2007","Reds","2383","6332","204","783","747","97","8.5 %","17.6 %",".170",".298",".267",".335",".436",".335","94","-7.2","-58.3","8.4","15.5"
"2011","Blue Jays","2265","6210","186","743","704","131","8.5 %","19.1 %",".164",".283",".249",".317",".413",".319","97","12.1","-11.6","-42.2","15.5"
"2012","Pirates","2360","6014","170","651","620","73","7.4 %","22.5 %",".152",".291",".243",".304",".395",".304","91","1.2","-66.3","27.5","15.5"
"2010","Nationals","2410","6100","149","655","634","110","8.2 %","20.0 %",".140",".294",".250",".318",".390",".313","90","-11.3","-84.4","44.1","15.5"
"2003","Orioles","2196","6251","152","743","696","89","6.9 %","14.4 %",".138",".293",".267",".323",".405",".317","94","11.0","-38.0","-21.2","15.4"
"2007","Mariners","2338","6209","153","794","754","81","6.3 %","13.9 %",".138",".313",".287",".337",".425",".333","103","-9.6","10.7","-68.4","15.3"
"2007","Rangers","2313","6214","179","816","768","88","8.1 %","19.7 %",".163",".305",".263",".328",".426",".329","94","12.6","-33.4","-26.5","15.1"
"2007","Orioles","2348","6264","142","756","718","144","8.0 %","15.0 %",".141",".302",".272",".333",".412",".327","95","-9.0","-45.2","-17.2","15.1"
"2009","Mets","2377","6159","95","671","631","122","8.5 %","15.1 %",".124",".307",".270",".335",".394",".320","94","-5.4","-48.2","1.0","15.0"
"2011","Nationals","2341","6090","154","624","594","106","7.7 %","21.7 %",".140",".292",".242",".309",".383",".305","89","3.7","-73.4","25.4","14.9"
"2010","White Sox","2212","6118","177","752","710","160","7.6 %","15.1 %",".152",".292",".268",".332",".420",".332","100","-8.1","-7.7","-58.4","14.8"
"2009","Pirates","2195","6058","125","636","612","90","8.2 %","18.9 %",".135",".296",".252",".318",".387",".310","86","-6.2","-113.0","66.3","14.8"
"2011","Braves","2322","6169","173","641","606","77","8.2 %","20.4 %",".144",".284",".243",".308",".387",".306","91","-4.8","-70.5","18.3","14.8"
"2010","Rockies","2379","6265","173","770","741","99","9.3 %","20.3 %",".162",".310",".263",".336",".425",".333","91","9.3","-62.1","8.7","14.7"
"2008","Padres","2343","6244","154","637","615","36","8.3 %","20.2 %",".140",".294",".250",".317",".390",".311","92","-4.2","-63.7","8.0","14.6"
"2013","Rockies","2330","6152","159","706","673","112","6.9 %","19.6 %",".149",".317",".270",".323",".418",".324","87","18.2","-71.9","24.5","14.6"
"2012","Mets","2420","6091","139","650","625","79","8.3 %","20.5 %",".137",".298",".249",".316",".386",".306","94","-2.0","-47.6","-3.3","14.5"
"2011","Cubs","2373","6130","148","654","610","69","6.9 %","19.6 %",".144",".301",".256",".314",".401",".314","91","-17.7","-80.2","25.6","14.4"
"2010","Cubs","2307","6140","149","685","658","55","7.8 %","20.1 %",".145",".304",".257",".320",".401",".318","90","-10.3","-81.7","29.3","14.4"
"2008","Athletics","2282","6138","125","646","610","88","9.4 %","20.0 %",".127",".289",".242",".318",".369",".306","86","12.4","-92.6","26.2","14.3"
"2007","Royals","2294","6140","102","706","660","78","7.0 %","17.4 %",".126",".305",".261",".322",".388",".312","85","-1.6","-121.2","55.1","14.3"
"2004","Rockies","2351","6333","202","833","795","44","9.0 %","18.6 %",".180",".314",".275",".345",".455",".344","93","-4.9","-64.7","-3.7","14.1"
"2007","Twins","2259","6161","118","718","671","112","8.3 %","13.6 %",".127",".291",".264",".330",".391",".317","91","2.6","-68.7","-0.4","14.1"
"2008","Dodgers","2376","6194","137","700","659","126","8.8 %","16.7 %",".134",".301",".264",".333",".399",".321","93","5.1","-51.1","-9.8","13.9"
"2011","Indians","2287","6142","154","704","671","89","8.0 %","20.7 %",".146",".297",".250",".317",".396",".314","99","0.4","-8.5","-58.2","13.9"
"2003","Indians","2241","6188","158","699","660","86","7.5 %","17.2 %",".148",".286",".254",".316",".401",".313","90","-7.5","-83.9","10.1","13.8"
"2006","Cubs","2399","6147","166","716","677","121","6.4 %","15.1 %",".154",".294",".268",".319",".422",".320","84","-1.0","-128.9","65.3","13.7"
"2005","Mariners","2258","6095","130","699","657","102","7.6 %","16.2 %",".136",".289",".256",".317",".391",".309","90","7.1","-66.3","-3.2","13.7"
"2010","Dodgers","2310","6140","120","667","621","92","8.7 %","19.3 %",".127",".299",".252",".322",".379",".309","92","1.3","-60.6","1.1","13.6"
"2005","Dodgers","2351","6134","149","685","653","58","8.8 %","17.8 %",".142",".290",".253",".326",".395",".317","91","-21.4","-93.4","29.0","13.6"
"2011","Rockies","2348","6275","163","735","697","118","8.8 %","19.1 %",".152",".300",".258",".329",".410",".324","88","-1.8","-92.5","25.6","13.5"
"2002","Orioles","2217","6096","165","667","636","110","7.4 %","16.3 %",".157",".271",".246",".309",".403",".311","90","-1.2","-77.5","5.0","13.5"
"2006","Rockies","2306","6348","157","813","761","85","8.8 %","17.5 %",".163",".310",".270",".341",".433",".333","87","-2.7","-111.8","39.3","13.5"
"2010","Angels","2236","6089","155","681","656","104","7.7 %","17.6 %",".142",".281",".248",".311",".390",".310","94","-8.8","-54.2","-23.7","13.5"
"2005","Pirates","2289","6221","139","680","656","73","7.6 %","17.6 %",".141",".297",".259",".322",".400",".315","89","-5.0","-91.3","22.8","13.4"
"2012","Royals","2249","6149","131","676","643","132","6.6 %","16.8 %",".135",".302",".265",".317",".400",".311","94","-9.3","-52.7","-24.7","13.3"
"2002","Expos","2262","6250","162","735","695","118","9.2 %","17.7 %",".157",".298",".261",".334",".418",".326","93","-0.3","-58.5","-12.7","13.2"
"2007","Nationals","2528","6201","123","673","646","69","8.5 %","18.2 %",".134",".300",".256",".325",".390",".315","88","-10.8","-108.6","39.1","13.2"
"2005","Twins","2235","6192","134","688","644","102","7.8 %","15.8 %",".132",".291",".259",".323",".391",".312","89","-14.5","-96.1","18.6","13.2"
"2014","Phillies","2282","6198","125","619","584","109","7.1 %","21.1 %",".121",".292",".242",".302",".363",".295","86","10.8","-85.3","21.0","13.1"
"2002","Padres","2372","6178","136","662","627","71","8.9 %","17.2 %",".129",".288",".253",".321",".381",".309","91","-12.4","-81.8","12.0","13.1"
"2009","Astros","2340","6040","142","643","616","113","7.4 %","16.4 %",".140",".293",".260",".319",".400",".315","89","-18.0","-99.0","36.0","13.1"
"2011","Astros","2377","6150","95","615","579","118","6.5 %","18.9 %",".116",".308",".258",".311",".374",".301","88","-0.6","-89.1","21.7","13.1"
"2005","Giants","2360","6077","128","649","617","71","7.1 %","14.8 %",".135",".290",".261",".319",".396",".312","86","-13.9","-121.6","53.1","13.0"
"2012","Orioles","2282","6160","214","712","677","58","7.8 %","21.3 %",".170",".286",".247",".311",".417",".317","96","-18.1","-45.0","-37.8","12.7"
"2014","Indians","2391","6222","142","669","644","104","8.1 %","19.1 %",".136",".296",".253",".317",".389",".313","98","9.9","-1.7","-82.4","12.7"
"2003","Athletics","2197","6189","176","768","742","48","9.0 %","14.5 %",".162",".273",".254",".327",".417",".322","95","5.2","-35.5","-49.1","12.7"
"2004","Blue Jays","2194","6178","145","719","680","58","8.3 %","17.5 %",".143",".298",".260",".328",".403",".320","88","-9.3","-107.0","26.4","12.7"
"2002","Pirates","2343","6053","142","641","611","86","8.9 %","18.3 %",".137",".281",".244",".319",".380",".308","84","7.9","-114.1","43.3","12.6"
"2008","Pirates","2340","6278","153","735","705","57","7.6 %","16.5 %",".145",".290",".258",".320",".403",".317","89","0.1","-89.2","11.3","12.5"
"2003","Royals","2217","6239","162","836","781","120","7.6 %","14.8 %",".153",".301",".274",".336",".427",".332","95","7.3","-30.2","-57.8","12.5"
"2007","Pirates","2304","6214","148","724","694","68","7.5 %","18.3 %",".149",".303",".263",".325",".411",".322","90","-10.4","-94.0","16.8","12.5"
"2005","Diamondbacks","2370","6327","191","696","670","67","9.6 %","17.3 %",".165",".285",".256",".332",".421",".328","91","1.3","-71.2","-10.7","12.4"
"2007","Astros","2409","6324","167","723","700","65","8.6 %","16.5 %",".152",".291",".260",".330",".412",".325","92","-17.9","-86.6","5.3","12.4"
"2010","Indians","2255","6165","128","646","601","91","8.8 %","19.2 %",".130",".293",".248",".322",".378",".311","94","1.3","-40.7","-51.9","12.2"
"2012","Mariners","2236","6057","149","619","584","104","7.7 %","20.8 %",".135",".276",".234",".296",".369",".291","87","-1.3","-91.0","5.1","12.0"
"2014","White Sox","2285","6077","155","660","625","85","6.9 %","22.4 %",".146",".306",".253",".310",".398",".312","99","-14.2","-24.6","-61.7","12.0"
"2012","Blue Jays","2289","6094","198","716","677","123","7.8 %","20.5 %",".161",".281",".245",".309",".407",".311","92","2.5","-55.8","-32.0","12.0"
"2013","Yankees","2253","6044","144","650","614","115","7.7 %","20.1 %",".133",".285",".242",".307",".376",".301","86","5.3","-88.3","-0.2","11.9"
"2012","Cubs","2341","5967","137","613","570","94","7.5 %","20.7 %",".138",".286",".240",".302",".378",".297","81","-5.8","-138.7","64.6","11.7"
"2002","Devil Rays","2007","6198","133","673","640","102","7.4 %","18.0 %",".137",".293",".253",".314",".390",".309","87","6.6","-95.0","-0.9","11.5"
"2014","Astros","2229","6055","163","629","596","122","8.2 %","23.8 %",".141",".298",".242",".309",".383",".308","98","4.2","-7.5","-82.4","11.5"
"2004","Mets","2390","6209","185","684","658","107","8.2 %","18.7 %",".160",".282",".249",".317",".409",".314","88","-2.0","-101.6","8.5","11.3"
"2014","Rangers","2264","6026","111","637","597","105","6.9 %","19.3 %",".119",".305",".256",".314",".375",".305","90","-1.4","-66.4","-24.5","11.3"
"2012","Marlins","2269","6057","137","609","576","149","8.0 %","20.3 %",".138",".289",".244",".308",".382",".300","87","3.7","-91.7","8.9","11.0"
"2006","Diamondbacks","2282","6330","160","773","743","76","8.0 %","15.2 %",".157",".294",".267",".331",".424",".326","87","-6.6","-112.3","12.3","10.8"
"2007","Giants","2371","6213","131","683","641","119","8.6 %","14.6 %",".133",".281",".254",".322",".387",".310","81","-4.7","-158.1","60.6","10.5"
"2008","Giants","2382","6145","94","640","606","108","7.4 %","17.0 %",".120",".305",".262",".321",".382",".309","83","-15.4","-149.4","55.5","10.5"
"2010","Royals","2190","6209","121","676","640","115","7.6 %","14.6 %",".126",".305",".274",".331",".399",".323","98","-28.4","-42.1","-69.5","10.4"
"2002","Indians","2236","6099","192","739","706","52","8.9 %","16.4 %",".163",".271",".249",".321",".412",".320","95","-12.3","-53.6","-50.4","10.4"
"2005","Rockies","2302","6240","150","741","704","65","8.2 %","17.7 %",".144",".307",".267",".333",".411",".325","85","-10.7","-130.7","30.5","10.3"
"2003","Reds","2334","6211","182","694","669","80","8.4 %","21.3 %",".150",".289",".245",".318",".395",".312","84","10.4","-120.8","21.8","10.3"
"2014","Diamondbacks","2274","6089","118","615","573","86","6.5 %","19.1 %",".127",".293",".248",".302",".376",".300","83","1.0","-113.3","26.4","10.3"
"2012","Indians","2339","6195","136","667","635","110","9.0 %","17.5 %",".131",".288",".251",".324",".381",".310","97","-13.3","-37.4","-70.0","10.3"
"2006","Devil Rays","2247","6041","190","689","650","134","7.3 %","18.3 %",".165",".285",".255",".314",".420",".316","89","1.9","-84.4","-19.0","10.3"
"2011","Orioles","2262","6156","191","708","684","81","7.3 %","18.2 %",".156",".288",".257",".316",".413",".320","96","-11.3","-39.1","-63.0","10.2"
"2003","Dodgers","2292","6036","124","574","544","80","6.7 %","16.3 %",".125",".275",".243",".303",".368",".294","78","-10.2","-178.7","84.4","10.2"
"2008","Reds","2392","6188","187","704","677","85","9.0 %","18.2 %",".161",".278",".247",".321",".408",".319","87","1.1","-103.3","5.0","10.2"
"2009","Orioles","2281","6233","160","741","708","76","8.3 %","16.3 %",".147",".300",".268",".332",".415",".328","93","-20.1","-74.3","-37.1","10.2"
"2008","Rockies","2310","6312","160","747","714","141","9.0 %","19.2 %",".152",".308",".263",".336",".415",".330","88","15.2","-80.7","-22.6","10.1"
"2007","Diamondbacks","2305","6101","171","712","687","109","8.7 %","18.2 %",".163",".282",".250",".321",".413",".320","82","8.8","-132.9","34.1","10.0"
"2002","Brewers","2329","6083","139","627","597","94","8.2 %","18.5 %",".137",".294",".253",".320",".390",".312","86","-26.4","-131.8","33.0","9.9"
"2011","Pirates","2444","6064","107","610","580","108","8.1 %","21.6 %",".123",".301",".244",".309",".368",".299","87","-15.2","-103.1","7.8","9.8"
"2011","White Sox","2206","6159","154","654","625","81","7.7 %","16.1 %",".136",".280",".252",".319",".388",".312","90","-9.9","-80.0","-26.0","9.8"
"2004","Brewers","2255","6195","135","634","601","138","8.7 %","21.2 %",".139",".300",".248",".321",".387",".309","82","1.8","-144.7","36.7","9.8"
"2002","Rockies","2393","6165","152","778","726","103","8.1 %","16.9 %",".149",".311",".274",".337",".423",".331","82","-0.4","-138.4","34.1","9.6"
"2003","Expos","2275","6116","144","711","682","100","8.5 %","16.2 %",".143",".290",".258",".326",".401",".316","85","-4.6","-124.7","21.3","9.6"
"2003","Brewers","2293","6270","196","714","685","99","8.7 %","19.5 %",".163",".294",".256",".329",".419",".325","93","-27.1","-81.9","-26.6","9.6"
"2012","Rockies","2429","6183","166","758","716","100","7.3 %","19.6 %",".163",".321",".274",".330",".436",".331","90","3.1","-73.5","-30.1","9.3"
"2008","Diamondbacks","2280","6156","159","720","683","58","9.5 %","20.9 %",".164",".299",".251",".327",".415",".324","88","12.1","-83.9","-23.6","9.2"
"2013","Twins","2332","6212","151","614","590","52","8.6 %","23.0 %",".138",".298",".242",".312",".380",".307","91","1.3","-66.0","-54.9","9.0"
"2008","Mariners","2296","6176","124","671","631","90","6.8 %","14.4 %",".124",".294",".265",".318",".389",".310","90","-8.9","-86.1","-36.2","8.9"
"2008","Nationals","2397","6192","117","641","608","81","8.6 %","17.7 %",".122",".292",".251",".323",".373",".310","84","-16.8","-145.4","29.8","8.5"
"2014","Padres","2362","5905","109","535","500","91","7.9 %","21.9 %",".115",".277",".226",".292",".342",".283","81","-8.4","-135.4","37.2","8.5"
"2011","Athletics","2229","6104","114","645","612","117","8.3 %","17.9 %",".125",".283",".244",".311",".369",".301","89","-6.5","-82.2","-35.8","8.4"
"2004","Pirates","2330","6115","142","680","648","63","6.8 %","17.4 %",".141",".298",".260",".321",".401",".314","85","-8.6","-128.7","2.6","7.8"
"2003","Diamondbacks","2319","6261","152","717","696","76","8.5 %","16.1 %",".153",".295",".263",".330",".417",".323","86","-10.8","-119.9","-6.9","7.7"
"2009","White Sox","2241","6132","184","724","695","113","8.7 %","16.7 %",".153",".285",".258",".329",".411",".326","91","-13.0","-84.0","-48.2","7.7"
"2006","Pirates","2325","6218","141","691","656","68","7.4 %","19.3 %",".134",".310",".263",".327",".397",".315","86","-2.2","-115.0","-13.0","7.7"
"2010","Orioles","2240","6109","133","613","577","76","6.9 %","17.3 %",".127",".296",".259",".316",".386",".310","87","-21.0","-111.8","-23.9","7.6"
"2013","Mariners","2237","6172","188","624","597","49","8.6 %","21.9 %",".152",".279",".237",".306",".390",".307","95","-6.6","-40.4","-93.3","7.5"
"2002","Royals","2248","6206","140","737","695","140","8.4 %","14.8 %",".143",".282",".256",".323",".398",".316","85","10.9","-104.1","-35.1","7.2"
"2008","Royals","2250","6118","120","691","650","79","6.4 %","16.4 %",".128",".307",".269",".320",".397",".315","87","-9.5","-109.1","-29.7","7.0"
"2013","Phillies","2310","6014","140","610","578","73","6.9 %","20.0 %",".135",".293",".248",".306",".384",".303","89","-7.7","-82.2","-32.8","6.8"
"2011","Mariners","2090","5972","109","556","534","125","7.3 %","21.4 %",".115",".283",".233",".292",".348",".283","80","11.9","-124.4","-14.2","5.7"
"2004","Expos","2289","6138","151","635","605","109","8.1 %","15.1 %",".143",".273",".249",".313",".392",".306","77","-0.7","-184.6","36.0","5.7"
"2010","Astros","2358","6005","108","611","577","100","6.9 %","17.1 %",".115",".285",".247",".303",".362",".295","79","-6.4","-156.6","23.7","5.6"
"2003","Mets","2361","6008","124","642","607","70","8.1 %","17.2 %",".128",".282",".247",".314",".374",".302","80","-4.4","-155.7","10.6","5.1"
"2012","Astros","2421","6014","146","583","545","105","7.7 %","22.7 %",".135",".288",".236",".302",".371",".296","82","-16.4","-143.9","4.2","4.9"
"2010","Mariners","2104","5989","101","513","485","142","7.7 %","19.8 %",".104",".282",".236",".298",".339",".285","79","-1.0","-148.8","-12.3","4.5"
"2013","White Sox","2279","6077","148","598","574","105","6.8 %","19.9 %",".129",".291",".249",".302",".378",".299","85","-13.8","-118.6","-43.1","4.1"
"2010","Pirates","2327","5974","126","587","570","87","7.8 %","20.2 %",".131",".288",".242",".304",".373",".300","84","-5.8","-119.0","-30.8","3.7"
"2011","Twins","2269","6020","103","619","572","92","7.3 %","17.4 %",".113",".288",".247",".306",".360",".296","82","-6.5","-133.4","-29.4","3.3"
"2007","White Sox","2257","6103","190","693","667","78","8.7 %","18.8 %",".158",".278",".246",".318",".404",".316","86","-15.7","-125.7","-55.7","2.9"
"2005","Royals","2259","6086","126","701","653","53","7.0 %","16.6 %",".134",".298",".263",".320",".396",".313","87","6.3","-91.5","-87.3","2.7"
"2009","Royals","2247","6103","144","686","657","88","7.5 %","17.9 %",".146",".298",".259",".318",".405",".318","88","-18.9","-110.3","-78.6","2.0"
"2013","Astros","2266","6020","148","610","566","110","7.1 %","25.5 %",".136",".304",".240",".299",".375",".298","85","-9.1","-112.9","-76.2","1.0"
"2004","Royals","2169","6153","150","720","675","67","7.5 %","17.2 %",".139",".293",".259",".322",".397",".314","82","-9.3","-152.8","-47.4","1.0"
"2013","Marlins","2244","6021","95","513","485","78","7.2 %","20.5 %",".104",".280",".231",".293",".335",".279","74","-4.6","-178.3","-1.5","-0.1"
"2004","Diamondbacks","2295","6114","135","615","582","53","7.2 %","16.7 %",".140",".286",".253",".310",".393",".305","74","-7.7","-212.2","2.3","-0.4"
"2002","Tigers","2096","5920","124","575","546","65","6.1 %","17.5 %",".132",".283",".248",".300",".379",".297","82","-9.4","-143.5","-68.1","-1.0"
"2003","Tigers","2278","6071","153","591","553","98","7.3 %","18.1 %",".135",".272",".240",".300",".375",".296","80","-6.5","-162.3","-59.2","-1.2"
