"Season","Team","W","L","SV","G","GS","IP","K/9","BB/9","HR/9","BABIP","LOB%","GB%","HR/FB","ERA","FIP","xFIP","WAR"
"2003","Yankees","101","61","49","530","163","1462.0","6.89","2.31","0.89",".302","70.4 %","42.7 %","9.3 %","4.03","3.66","3.92","28.6"
"2002","Yankees","103","58","53","495","161","1452.0","7.04","2.50","0.89",".293","70.7 %","42.8 %","9.0 %","3.89","3.62","3.86","28.2"
"2011","Phillies","102","60","47","556","162","1477.0","7.92","2.46","0.73",".286","77.5 %","46.5 %","8.3 %","3.02","3.24","3.41","28.1"
"2003","Dodgers","85","77","58","600","162","1457.2","7.96","3.25","0.78",".280","77.0 %","48.0 %","10.5 %","3.16","3.56","3.63","27.0"
"2013","Tigers","93","69","39","590","162","1462.2","8.79","2.84","0.79",".306","73.7 %","45.4 %","9.2 %","3.61","3.27","3.43","26.8"
"2002","Diamondbacks","98","64","40","584","162","1446.2","8.11","2.62","1.06",".289","72.7 %","43.6 %","11.5 %","3.93","3.67","3.56","26.4"
"2003","Diamondbacks","84","78","42","614","162","1455.0","7.99","3.25","0.93",".293","73.1 %","47.3 %","11.4 %","3.84","3.83","3.81","24.6"
"2011","White Sox","79","83","42","572","162","1460.0","7.52","2.71","0.91",".303","71.3 %","44.2 %","9.4 %","4.10","3.66","3.69","24.5"
"2010","White Sox","88","74","43","569","162","1446.1","7.15","3.05","0.85",".305","71.5 %","44.9 %","8.4 %","4.09","3.80","3.94","24.2"
"2003","Cubs","88","74","36","582","162","1456.1","8.68","3.81","0.88",".291","73.1 %","47.1 %","11.6 %","3.83","3.80","3.75","24.1"
"2009","Braves","86","76","38","650","162","1462.2","7.58","3.26","0.73",".299","73.8 %","46.4 %","8.1 %","3.57","3.66","3.91","23.7"
"2008","White Sox","89","74","34","626","163","1457.2","7.08","2.84","0.96",".298","71.0 %","45.5 %","10.0 %","4.11","4.00","4.01","23.7"
"2012","Tigers","88","74","40","582","162","1430.2","8.29","2.76","0.95",".307","72.7 %","43.4 %","10.5 %","3.77","3.63","3.74","23.7"
"2014","Nationals","96","66","45","620","162","1470.2","7.88","2.15","0.67",".294","74.9 %","44.8 %","7.5 %","3.03","3.18","3.43","23.6"
"2008","Diamondbacks","82","80","39","606","162","1434.2","7.71","2.83","0.92",".297","70.9 %","45.3 %","9.9 %","3.99","3.84","3.87","23.6"
"2012","Rays","90","72","50","634","162","1459.2","8.53","2.89","0.86",".277","75.5 %","47.9 %","10.7 %","3.19","3.51","3.59","23.5"
"2008","Blue Jays","86","76","44","583","162","1446.2","7.37","2.91","0.83",".284","74.8 %","46.6 %","9.3 %","3.49","3.81","3.92","23.3"
"2008","Dodgers","84","78","35","623","162","1447.1","7.49","2.98","0.76",".295","72.6 %","49.6 %","9.3 %","3.68","3.67","3.77","23.2"
"2002","Athletics","103","59","48","570","162","1452.0","6.33","2.94","0.84",".281","73.3 %","46.6 %","9.0 %","3.69","3.87","4.09","23.1"
"2005","White Sox","99","63","54","574","162","1475.2","6.34","2.80","1.02",".275","75.4 %","43.6 %","10.5 %","3.61","4.12","4.14","23.0"
"2007","Padres","89","74","45","648","163","1484.2","6.89","2.87","0.72",".287","71.7 %","45.8 %","7.4 %","3.72","3.81","4.13","22.7"
"2002","Red Sox","93","69","51","500","162","1446.0","7.20","2.68","0.91",".282","72.1 %","45.2 %","9.7 %","3.75","3.74","3.87","22.6"
"2005","Astros","89","73","45","597","163","1443.0","7.26","2.74","0.97",".281","75.8 %","46.4 %","11.3 %","3.52","3.84","3.75","22.6"
"2003","White Sox","86","76","36","523","162","1431.0","6.64","3.26","1.02",".281","71.4 %","42.1 %","10.5 %","4.17","4.22","4.32","22.5"
"2004","Twins","92","70","48","597","162","1476.0","6.85","2.63","1.02",".302","72.9 %","44.6 %","10.2 %","4.04","3.98","4.09","22.4"
"2003","Athletics","96","66","48","526","162","1441.2","6.36","3.12","0.87",".274","73.6 %","46.6 %","9.8 %","3.63","4.03","4.21","22.4"
"2004","Cubs","89","73","42","622","162","1465.1","8.27","3.35","1.04",".289","75.5 %","44.8 %","11.7 %","3.83","3.98","3.89","22.3"
"2003","Red Sox","95","67","36","599","162","1464.2","7.01","3.00","0.94",".300","67.9 %","44.9 %","10.4 %","4.49","3.99","4.09","21.5"
"2005","Angels","95","67","54","541","162","1464.1","6.92","2.72","0.97",".288","75.0 %","41.2 %","9.2 %","3.68","3.89","4.11","21.4"
"2003","Marlins","91","71","36","557","162","1445.1","7.05","3.30","0.80",".297","71.6 %","42.1 %","8.3 %","4.04","3.80","4.21","21.3"
"2006","Angels","89","73","50","542","162","1452.2","7.21","2.92","0.98",".291","70.1 %","42.3 %","9.2 %","4.04","4.03","4.28","21.3"
"2009","Rockies","92","70","45","646","162","1438.1","7.22","3.30","0.88",".299","71.3 %","47.3 %","9.9 %","4.24","3.96","3.99","21.2"
"2005","Marlins","83","79","42","611","162","1442.1","7.02","3.51","0.72",".308","70.4 %","45.2 %","8.2 %","4.19","3.81","4.13","21.2"
"2011","Yankees","97","65","47","627","162","1458.1","7.54","3.13","0.94",".297","75.0 %","44.2 %","9.9 %","3.73","3.87","3.84","21.0"
"2011","Brewers","96","66","47","596","162","1441.2","7.85","2.75","0.92",".288","73.2 %","44.7 %","9.7 %","3.64","3.59","3.58","21.0"
"2012","Reds","97","65","56","587","162","1453.0","7.73","2.64","0.94",".288","76.9 %","45.9 %","10.7 %","3.34","3.72","3.80","20.9"
"2010","Rockies","83","79","35","675","162","1442.0","7.70","3.28","0.87",".302","70.8 %","46.5 %","9.6 %","4.14","3.83","3.80","20.9"
"2009","Dodgers","95","67","44","688","162","1473.1","7.77","3.57","0.78",".275","74.9 %","43.7 %","8.1 %","3.41","3.80","4.07","20.9"
"2014","Indians","85","77","40","735","162","1468.1","8.89","2.84","0.83",".309","73.2 %","46.7 %","10.0 %","3.57","3.42","3.36","20.8"
"2012","Rangers","93","69","43","590","162","1442.0","8.03","2.78","1.09",".292","71.5 %","43.9 %","11.6 %","4.02","3.90","3.86","20.7"
"2004","Astros","92","70","47","655","162","1443.0","8.00","3.27","1.09",".299","74.3 %","44.2 %","11.9 %","4.05","4.07","3.95","20.7"
"2004","Red Sox","98","64","36","599","162","1451.1","7.02","2.77","0.99",".289","68.8 %","45.4 %","9.9 %","4.19","4.03","4.17","20.6"
"2006","Twins","96","66","40","583","162","1439.1","7.28","2.23","1.14",".302","73.7 %","43.7 %","11.3 %","3.95","3.99","3.93","20.6"
"2011","Giants","86","76","52","642","162","1468.0","8.07","3.43","0.59",".283","74.4 %","46.4 %","6.9 %","3.21","3.33","3.66","20.5"
"2007","Indians","96","66","49","557","162","1462.2","6.44","2.52","0.90",".302","71.9 %","45.3 %","8.7 %","4.05","4.06","4.21","20.5"
"2009","White Sox","79","83","36","577","162","1439.2","7.00","3.17","1.06",".294","71.7 %","44.3 %","10.3 %","4.16","4.21","4.19","20.5"
"2009","Giants","88","74","41","619","162","1446.0","8.10","3.63","0.87",".279","75.6 %","43.0 %","9.1 %","3.55","3.85","3.99","20.2"
"2013","Dodgers","92","70","46","666","162","1450.1","8.02","2.85","0.79",".291","75.5 %","47.1 %","9.9 %","3.25","3.45","3.52","20.1"
"2012","Yankees","95","67","51","647","162","1445.1","8.21","2.68","1.18",".296","75.1 %","44.9 %","13.0 %","3.85","3.98","3.75","20.1"
"2013","Rangers","91","72","46","638","163","1463.1","8.05","3.06","0.97",".293","75.5 %","42.8 %","10.7 %","3.63","3.77","3.75","20.1"
"2007","Angels","94","68","43","558","162","1435.0","7.25","2.99","0.95",".307","71.1 %","42.2 %","8.6 %","4.23","4.10","4.26","20.0"
"2007","Dodgers","82","80","43","645","162","1450.0","7.35","3.22","0.91",".301","70.9 %","45.5 %","9.6 %","4.20","4.07","4.07","20.0"
"2012","Phillies","81","81","42","602","162","1451.1","8.59","2.54","1.10",".298","72.9 %","43.5 %","12.1 %","3.86","3.72","3.61","19.9"
"2008","Cubs","97","64","44","639","161","1450.2","7.84","3.40","0.99",".281","74.0 %","41.6 %","9.8 %","3.87","4.09","4.14","19.9"
"2008","Yankees","89","73","42","637","162","1441.2","7.12","3.05","0.89",".307","71.0 %","45.7 %","9.3 %","4.28","3.96","4.08","19.9"
"2014","Yankees","84","78","48","637","162","1453.0","8.49","2.47","1.02",".298","73.3 %","43.7 %","11.3 %","3.75","3.67","3.43","19.9"
"2002","Braves","101","59","57","630","161","1467.1","6.49","3.40","0.75",".271","77.2 %","45.7 %","8.5 %","3.13","3.83","4.11","19.8"
"2006","Dodgers","88","74","40","616","162","1460.1","6.58","3.03","0.94",".302","70.8 %","47.8 %","9.7 %","4.23","4.13","4.29","19.7"
"2013","Cardinals","97","65","44","645","162","1459.2","7.73","2.78","0.69",".297","74.5 %","48.5 %","8.5 %","3.43","3.39","3.63","19.6"
"2004","Angels","92","70","50","505","162","1454.1","7.20","3.11","1.05",".299","72.2 %","41.9 %","9.7 %","4.28","4.09","4.29","19.6"
"2009","Cardinals","91","71","43","643","162","1440.2","6.55","2.87","0.77",".292","73.2 %","49.8 %","8.7 %","3.66","3.82","4.00","19.6"
"2012","Dodgers","86","76","40","668","162","1449.2","7.92","3.35","0.76",".283","74.8 %","45.5 %","8.9 %","3.35","3.64","3.93","19.5"
"2012","Nationals","98","64","51","644","162","1468.1","8.12","3.05","0.79",".282","75.1 %","46.3 %","9.2 %","3.34","3.54","3.80","19.3"
"2002","Astros","84","78","43","642","162","1445.0","7.59","3.40","0.94",".300","73.3 %","44.6 %","10.5 %","4.00","3.88","3.91","19.3"
"2005","Indians","93","69","51","571","162","1452.2","6.51","2.56","0.97",".275","73.6 %","44.8 %","10.2 %","3.61","3.92","3.97","19.2"
"2006","White Sox","90","72","46","560","162","1449.0","6.29","2.69","1.24",".295","70.5 %","42.9 %","11.2 %","4.61","4.56","4.50","19.2"
"2009","Yankees","103","59","51","623","162","1450.0","7.82","3.56","1.12",".290","71.9 %","42.3 %","11.1 %","4.28","4.32","4.17","19.2"
"2006","Astros","82","80","42","659","162","1468.2","7.11","2.94","1.12",".286","72.8 %","45.2 %","11.6 %","4.09","4.27","4.16","19.2"
"2004","Brewers","67","94","42","584","161","1442.0","6.85","2.97","1.02",".289","69.6 %","44.0 %","10.1 %","4.26","4.10","4.22","19.0"
"2005","Twins","83","79","44","558","162","1464.1","5.93","2.14","1.04",".283","73.6 %","45.1 %","10.3 %","3.72","4.00","4.04","19.0"
"2006","Diamondbacks","76","86","34","623","162","1459.2","6.87","3.30","1.04",".299","70.4 %","46.8 %","11.1 %","4.49","4.34","4.30","19.0"
"2007","Brewers","83","79","49","654","162","1444.1","7.32","3.16","1.00",".308","70.2 %","41.5 %","9.2 %","4.44","4.22","4.29","18.8"
"2010","Rangers","90","72","46","643","162","1455.1","7.30","3.41","1.00",".280","73.6 %","41.5 %","9.3 %","3.93","4.17","4.19","18.8"
"2011","Braves","89","73","52","672","162","1479.2","8.10","3.17","0.76",".288","75.2 %","47.5 %","9.2 %","3.49","3.49","3.54","18.7"
"2004","Yankees","101","61","59","598","162","1443.2","6.60","2.77","1.13",".300","69.0 %","43.1 %","10.5 %","4.69","4.27","4.34","18.6"
"2010","Giants","92","70","57","638","162","1461.0","8.20","3.56","0.83",".282","77.0 %","42.0 %","8.0 %","3.36","3.74","3.94","18.5"
"2006","Tigers","95","67","46","552","162","1448.0","6.23","3.04","0.99",".284","74.1 %","45.5 %","10.0 %","3.85","4.32","4.43","18.5"
"2013","Braves","96","66","53","628","162","1450.1","7.65","2.54","0.79",".288","77.0 %","45.8 %","9.4 %","3.18","3.44","3.58","18.4"
"2007","Red Sox","96","66","45","613","162","1438.2","7.19","3.02","0.94",".284","73.5 %","42.6 %","8.7 %","3.87","4.14","4.28","18.4"
"2010","Braves","91","71","41","652","162","1439.1","7.76","3.16","0.79",".290","73.4 %","49.9 %","9.3 %","3.57","3.65","3.65","18.4"
"2002","Mariners","93","69","43","505","162","1445.1","6.62","2.75","1.11",".284","73.0 %","40.2 %","10.3 %","4.07","4.11","4.16","18.3"
"2011","Dodgers","82","79","40","622","161","1432.0","7.95","3.19","0.83",".285","74.1 %","42.8 %","8.8 %","3.56","3.61","3.72","18.3"
"2005","Athletics","88","74","38","572","162","1450.1","6.67","3.13","0.96",".271","73.4 %","44.0 %","10.2 %","3.70","4.08","4.14","18.3"
"2012","Athletics","94","68","47","624","162","1470.0","6.96","2.83","0.90",".279","75.4 %","41.7 %","9.1 %","3.50","3.89","4.20","18.2"
"2002","Giants","95","66","43","579","162","1437.1","6.21","3.27","0.73",".281","74.0 %","42.3 %","7.3 %","3.55","3.80","4.27","18.1"
"2014","Dodgers","94","68","47","658","162","1464.2","8.44","2.64","0.87",".292","74.0 %","47.8 %","10.8 %","3.40","3.48","3.33","18.0"
"2014","Cubs","73","89","37","699","162","1463.1","8.06","3.10","0.71",".304","69.6 %","44.0 %","8.0 %","3.92","3.51","3.70","18.0"
"2014","Tigers","90","72","41","635","162","1454.0","7.70","2.86","0.79",".312","70.7 %","44.2 %","8.3 %","4.01","3.60","3.76","17.9"
"2012","Cardinals","88","74","42","668","162","1462.2","7.49","2.68","0.82",".298","73.2 %","48.5 %","10.4 %","3.71","3.62","3.72","17.9"
"2011","Rangers","96","66","38","579","162","1441.1","7.36","2.88","1.06",".278","72.5 %","42.6 %","10.7 %","3.79","3.98","3.83","17.9"
"2012","Brewers","83","79","44","674","162","1453.2","8.68","3.25","1.05",".313","72.1 %","43.8 %","12.1 %","4.22","3.82","3.73","17.9"
"2013","Pirates","94","68","55","627","162","1470.2","7.72","3.15","0.62",".285","75.0 %","52.5 %","8.9 %","3.27","3.42","3.58","17.9"
"2009","Red Sox","95","67","41","625","162","1436.2","7.71","3.32","1.05",".309","73.0 %","40.9 %","9.4 %","4.35","4.14","4.25","17.8"
"2010","Twins","94","68","40","627","162","1452.2","6.49","2.37","0.96",".299","73.4 %","44.7 %","9.2 %","3.95","3.91","3.93","17.8"
"2004","Athletics","91","71","35","576","162","1471.1","6.32","3.33","1.00",".289","72.3 %","46.9 %","10.5 %","4.17","4.34","4.39","17.7"
"2007","Cubs","85","77","39","640","162","1446.2","7.53","3.56","1.03",".281","73.6 %","41.3 %","9.6 %","4.04","4.36","4.36","17.7"
"2009","Cubs","83","78","40","641","161","1445.1","7.92","3.65","1.00",".285","74.4 %","42.8 %","10.0 %","3.84","4.11","4.14","17.7"
"2008","Rockies","74","88","36","647","162","1446.0","6.48","3.50","0.92",".309","68.6 %","46.8 %","10.0 %","4.77","4.30","4.32","17.7"
"2008","Angels","100","62","66","545","162","1451.1","6.86","2.83","0.99",".296","73.0 %","44.3 %","9.8 %","4.00","4.12","4.17","17.7"
"2013","Yankees","85","77","49","590","162","1447.1","7.67","2.72","1.06",".302","74.6 %","44.0 %","11.5 %","3.94","3.89","3.76","17.6"
"2002","Cubs","67","95","23","552","162","1441.1","8.32","3.78","1.04",".296","70.9 %","42.2 %","11.4 %","4.30","4.00","3.91","17.5"
"2008","Red Sox","95","67","47","628","162","1446.1","7.37","3.41","0.91",".289","72.6 %","43.5 %","9.2 %","4.01","4.09","4.23","17.5"
"2010","Padres","90","72","49","661","162","1456.1","8.00","3.20","0.86",".286","76.7 %","46.0 %","9.3 %","3.41","3.66","3.67","17.5"
"2007","Blue Jays","83","79","44","582","162","1448.2","6.63","2.98","0.98",".282","71.8 %","48.7 %","10.6 %","4.00","4.28","4.15","17.5"
"2005","Padres","82","80","45","618","162","1455.1","7.01","3.11","0.90",".295","71.0 %","43.0 %","9.2 %","4.13","3.90","4.10","17.4"
"2005","Mets","83","79","38","554","162","1435.2","6.34","3.08","0.85",".283","73.7 %","44.2 %","8.8 %","3.77","3.98","4.23","17.4"
"2006","Rockies","76","86","34","661","162","1447.1","5.92","3.44","0.96",".304","69.5 %","45.7 %","9.6 %","4.66","4.51","4.68","17.3"
"2006","Yankees","97","65","43","651","162","1443.2","6.35","3.09","1.06",".289","70.3 %","43.3 %","9.6 %","4.43","4.42","4.61","17.3"
"2007","White Sox","72","90","42","625","162","1440.2","6.34","3.12","1.09",".304","68.2 %","42.9 %","9.8 %","4.77","4.56","4.54","17.2"
"2006","Athletics","93","69","54","606","162","1451.2","6.22","3.28","1.00",".301","73.4 %","42.6 %","9.2 %","4.22","4.42","4.67","17.2"
"2010","Dodgers","80","82","41","637","162","1441.2","7.95","3.36","0.84",".287","70.9 %","44.6 %","8.6 %","4.01","3.76","3.87","17.1"
"2013","Nationals","86","76","47","602","162","1445.2","7.69","2.52","0.88",".291","73.7 %","45.0 %","9.8 %","3.59","3.55","3.64","17.1"
"2007","Athletics","76","86","36","608","162","1448.0","6.44","3.29","0.86",".296","69.4 %","44.8 %","8.3 %","4.30","4.23","4.44","17.0"
"2013","Reds","90","72","43","623","162","1473.2","7.91","2.66","1.04",".273","77.5 %","44.1 %","11.5 %","3.38","3.81","3.68","17.0"
"2008","Rays","97","65","52","610","162","1457.2","7.06","3.25","1.02",".277","74.0 %","40.8 %","9.3 %","3.82","4.22","4.35","16.8"
"2014","Rays","77","85","37","656","162","1463.2","8.84","2.96","0.89",".286","74.1 %","40.8 %","9.1 %","3.56","3.56","3.62","16.8"
"2013","Rays","92","71","42","648","163","1464.0","8.05","2.96","0.94",".284","73.6 %","44.6 %","10.6 %","3.74","3.71","3.71","16.8"
"2003","Twins","90","72","45","561","162","1461.2","6.14","2.48","1.15",".290","71.1 %","38.6 %","10.4 %","4.41","4.26","4.38","16.8"
"2008","Royals","75","87","44","601","162","1445.2","6.75","3.21","0.99",".298","69.1 %","41.9 %","9.2 %","4.50","4.21","4.36","16.7"
"2003","Phillies","86","76","33","599","162","1443.2","6.61","3.34","0.89",".284","72.3 %","45.3 %","9.7 %","4.06","4.12","4.32","16.6"
"2004","Marlins","83","79","53","566","162","1439.0","6.98","3.21","1.04",".288","72.9 %","43.7 %","10.7 %","4.10","4.17","4.21","16.6"
"2009","Athletics","75","87","38","650","162","1447.1","6.99","3.25","0.97",".302","70.3 %","44.1 %","9.2 %","4.29","4.10","4.24","16.6"
"2002","Expos","83","79","39","599","162","1453.0","6.74","3.15","1.02",".295","72.9 %","47.2 %","11.5 %","3.98","4.08","3.97","16.6"
"2012","White Sox","85","77","37","628","162","1445.2","7.76","3.13","1.16",".288","75.2 %","42.7 %","12.1 %","4.02","4.23","4.12","16.5"
"2011","Athletics","74","88","39","622","162","1447.2","7.21","3.23","0.85",".289","72.1 %","44.1 %","8.5 %","3.71","3.80","3.98","16.5"
"2014","Padres","77","85","41","643","162","1438.2","8.03","2.89","0.73",".289","74.9 %","45.2 %","8.6 %","3.27","3.46","3.57","16.5"
"2005","Brewers","81","81","46","557","162","1438.0","7.34","3.56","1.06",".285","73.8 %","41.4 %","10.5 %","3.98","4.20","4.22","16.5"
"2008","Phillies","92","70","47","630","162","1449.2","6.71","3.31","0.99",".292","74.8 %","44.8 %","10.8 %","3.89","4.30","4.21","16.5"
"2007","Rockies","90","73","39","692","163","1472.0","5.91","3.08","1.00",".290","71.1 %","46.5 %","9.9 %","4.32","4.52","4.48","16.5"
"2010","Blue Jays","85","77","45","617","162","1440.2","7.40","3.37","0.94",".297","71.2 %","45.7 %","9.5 %","4.23","4.04","4.03","16.5"
"2002","Dodgers","92","70","56","585","162","1457.2","6.99","3.43","1.02",".270","75.5 %","42.5 %","10.7 %","3.69","4.12","4.11","16.4"
"2003","Astros","87","75","50","664","162","1450.0","7.07","3.51","1.00",".281","74.4 %","43.8 %","10.7 %","3.87","4.23","4.29","16.4"
"2013","Royals","86","76","52","589","162","1448.1","7.51","2.91","0.96",".290","76.9 %","41.8 %","10.0 %","3.45","3.83","3.90","16.4"
"2012","Diamondbacks","81","81","39","623","162","1433.2","7.53","2.62","0.97",".301","72.0 %","46.1 %","11.0 %","3.94","3.81","3.84","16.4"
"2014","Braves","79","83","54","634","162","1455.0","8.05","2.92","0.75",".300","75.0 %","42.7 %","8.3 %","3.38","3.47","3.63","16.4"
"2006","Indians","78","84","24","539","162","1423.1","5.99","2.71","1.05",".308","70.0 %","44.7 %","10.0 %","4.43","4.34","4.47","16.4"
"2006","Padres","88","74","50","637","162","1463.2","6.75","2.88","1.08",".276","73.9 %","41.5 %","10.1 %","3.88","4.27","4.39","16.4"
"2004","Cardinals","105","57","57","631","162","1453.2","6.45","2.72","1.05",".276","74.4 %","48.0 %","11.9 %","3.75","4.17","4.06","16.4"
"2012","Orioles","93","69","55","654","162","1483.0","7.14","2.92","1.12",".285","73.8 %","44.7 %","11.7 %","3.90","4.20","4.14","16.3"
"2006","Brewers","75","87","43","589","162","1425.2","7.23","3.24","1.12",".297","67.4 %","42.1 %","10.8 %","4.83","4.39","4.40","16.2"
"2006","Mets","97","65","43","636","162","1461.1","7.15","3.25","1.11",".284","72.5 %","43.3 %","11.0 %","4.16","4.37","4.34","16.2"
"2013","Indians","92","70","38","702","162","1441.1","8.61","3.46","0.92",".302","74.2 %","44.5 %","10.7 %","3.82","3.73","3.71","16.2"
"2004","Dodgers","93","69","51","621","162","1453.1","6.60","3.23","1.10",".279","74.6 %","41.4 %","10.7 %","4.01","4.36","4.40","16.2"
"2002","Twins","94","67","47","596","161","1444.2","6.39","2.73","1.15",".286","73.0 %","38.2 %","10.0 %","4.12","4.20","4.31","16.2"
"2013","Mets","74","88","40","697","162","1476.2","7.37","2.79","0.93",".295","72.9 %","44.5 %","10.0 %","3.78","3.79","3.86","16.1"
"2002","Angels","99","63","54","562","162","1452.1","6.19","3.15","1.05",".269","75.6 %","41.0 %","9.9 %","3.69","4.25","4.36","16.1"
"2011","Angels","86","76","39","548","162","1465.0","6.50","2.92","0.87",".282","74.5 %","44.9 %","8.8 %","3.57","3.89","4.01","16.1"
"2004","Braves","96","66","48","645","162","1450.0","6.36","3.25","0.96",".294","75.0 %","47.1 %","10.7 %","3.75","4.15","4.18","16.1"
"2003","Mariners","93","69","38","528","162","1441.0","6.25","2.91","1.08",".269","75.6 %","39.2 %","9.9 %","3.76","4.29","4.49","16.1"
"2007","Giants","71","91","37","658","162","1453.2","6.54","3.67","0.82",".293","71.8 %","43.0 %","7.7 %","4.20","4.30","4.59","16.0"
"2011","Tigers","95","67","52","583","162","1440.0","6.97","3.08","0.93",".292","71.2 %","44.5 %","9.3 %","4.04","3.96","4.00","16.0"
"2005","Phillies","88","74","40","604","162","1435.0","7.27","3.05","1.19",".283","72.4 %","44.4 %","13.3 %","4.21","4.29","3.94","16.0"
"2010","Phillies","97","65","40","613","162","1456.1","7.31","2.57","1.04",".289","75.3 %","46.5 %","10.6 %","3.68","3.93","3.75","16.0"
"2007","Diamondbacks","90","72","51","631","162","1441.0","6.80","3.41","1.06",".293","72.7 %","43.9 %","10.3 %","4.13","4.52","4.42","16.0"
"2013","Athletics","96","66","46","609","162","1452.0","7.33","2.65","1.01",".276","74.8 %","39.5 %","9.2 %","3.56","3.83","4.05","16.0"
"2013","Red Sox","97","65","33","612","162","1454.0","8.01","3.24","0.97",".294","74.5 %","42.9 %","10.2 %","3.79","3.84","3.89","16.0"
"2010","Astros","76","86","45","669","162","1439.1","7.57","3.43","0.88",".305","71.0 %","44.3 %","8.8 %","4.09","3.89","3.97","15.9"
"2006","Rangers","80","82","42","651","162","1431.1","6.11","3.12","1.02",".307","70.6 %","46.4 %","10.4 %","4.61","4.44","4.50","15.8"
"2010","Tigers","81","81","32","578","162","1444.1","6.58","3.35","0.88",".296","70.6 %","43.8 %","8.3 %","4.29","4.14","4.31","15.8"
"2014","Royals","89","73","53","613","162","1450.2","7.25","2.73","0.79",".292","73.9 %","43.1 %","8.2 %","3.51","3.69","3.88","15.8"
"2009","Rangers","87","75","45","598","162","1434.2","6.37","3.33","1.07",".288","72.1 %","42.5 %","10.0 %","4.38","4.49","4.50","15.8"
"2003","Giants","100","61","43","622","161","1437.1","6.30","3.42","0.85",".278","74.4 %","43.5 %","8.9 %","3.73","4.09","4.40","15.7"
"2004","Orioles","78","84","27","614","162","1455.1","6.74","4.25","0.98",".298","69.9 %","45.6 %","9.9 %","4.71","4.52","4.66","15.7"
"2013","White Sox","63","99","40","632","162","1455.0","7.73","3.15","1.13",".295","73.1 %","43.3 %","11.5 %","4.00","4.13","3.98","15.7"
"2004","Pirates","72","89","46","625","161","1428.0","6.80","3.63","0.94",".301","71.5 %","45.0 %","9.9 %","4.31","4.24","4.38","15.6"
"2014","Angels","98","64","46","705","162","1482.2","8.15","3.06","0.76",".285","73.3 %","41.7 %","8.0 %","3.58","3.57","3.78","15.6"
"2014","Mariners","87","75","51","659","162","1452.0","8.16","2.87","0.85",".275","76.8 %","45.4 %","9.9 %","3.17","3.61","3.57","15.6"
"2004","Padres","87","75","44","599","162","1441.0","6.74","2.64","1.15",".290","73.3 %","42.9 %","11.2 %","4.03","4.19","4.14","15.5"
"2005","Cardinals","100","62","48","598","162","1445.2","6.06","2.76","0.95",".282","75.1 %","50.7 %","11.6 %","3.49","4.09","3.98","15.5"
"2003","Expos","83","79","42","599","162","1437.2","6.44","2.90","1.13",".290","73.5 %","44.6 %","12.2 %","4.01","4.35","4.23","15.5"
"2014","Cardinals","90","72","55","647","162","1448.2","7.59","2.92","0.76",".286","74.4 %","45.4 %","8.6 %","3.50","3.65","3.77","15.5"
"2010","Red Sox","89","73","44","605","162","1456.2","7.46","3.58","0.94",".292","70.9 %","43.6 %","9.0 %","4.19","4.08","4.13","15.5"
"2009","Blue Jays","75","87","25","607","162","1451.0","7.33","3.42","1.12",".308","72.2 %","45.0 %","11.6 %","4.47","4.35","4.13","15.4"
"2009","Diamondbacks","70","92","36","645","162","1447.2","7.20","3.26","1.04",".298","69.8 %","43.2 %","10.3 %","4.44","4.20","4.17","15.4"
"2014","Phillies","73","89","40","623","162","1468.1","7.69","3.19","0.82",".295","72.2 %","46.4 %","9.4 %","3.81","3.81","3.83","15.4"
"2014","Athletics","88","74","31","603","162","1463.1","7.65","2.50","0.90",".272","75.9 %","45.6 %","10.0 %","3.22","3.67","3.60","15.4"
"2012","Braves","94","68","47","622","162","1445.1","7.67","2.89","0.90",".284","75.4 %","47.2 %","10.8 %","3.42","3.74","3.80","15.4"
"2006","Blue Jays","87","75","42","644","162","1428.1","6.78","3.18","1.17",".292","71.7 %","46.3 %","12.3 %","4.37","4.51","4.30","15.4"
"2002","Indians","74","88","34","583","162","1424.2","6.68","3.81","0.90",".310","67.6 %","45.4 %","9.7 %","4.91","4.16","4.29","15.3"
"2012","Mets","74","88","36","667","162","1434.0","7.78","3.06","1.01",".290","71.1 %","42.6 %","10.5 %","4.09","3.93","4.04","15.3"
"2005","Yankees","95","67","46","580","162","1430.2","6.20","2.91","1.03",".297","69.1 %","47.0 %","10.1 %","4.54","4.28","4.36","15.2"
"2003","Braves","101","61","51","651","162","1456.1","6.13","3.43","0.91",".283","70.6 %","47.6 %","11.0 %","4.10","4.21","4.24","15.2"
"2013","Rockies","74","88","35","665","162","1436.0","6.67","3.24","0.85",".314","70.2 %","47.4 %","10.0 %","4.44","3.96","4.02","15.2"
"2003","Blue Jays","86","76","35","605","162","1435.0","6.17","3.04","1.15",".302","69.2 %","46.4 %","12.7 %","4.69","4.46","4.26","15.1"
"2005","Cubs","79","83","39","619","162","1440.0","7.85","3.60","1.16",".284","73.7 %","46.0 %","13.5 %","4.19","4.26","3.90","15.1"
"2010","Rays","96","66","51","653","162","1453.2","7.36","2.96","1.08",".278","75.2 %","41.3 %","9.9 %","3.78","4.09","4.00","15.1"
"2011","Mariners","67","95","39","513","162","1433.0","6.83","2.74","0.91",".285","71.5 %","43.8 %","9.1 %","3.91","3.84","3.92","15.0"
"2007","Reds","72","90","34","684","162","1449.2","6.63","2.99","1.23",".310","69.4 %","40.0 %","10.7 %","4.95","4.69","4.52","15.0"
"2004","Rangers","89","73","52","630","162","1439.2","6.12","3.42","1.14",".297","71.8 %","44.5 %","11.0 %","4.54","4.64","4.62","14.9"
"2012","Mariners","75","87","43","613","162","1456.2","7.20","2.77","1.03",".282","74.2 %","42.9 %","10.6 %","3.76","4.00","4.09","14.8"
"2008","Giants","72","90","41","640","162","1442.0","7.74","4.07","0.92",".300","71.4 %","39.2 %","8.8 %","4.38","4.24","4.44","14.8"
"2006","Reds","80","82","36","638","162","1445.2","6.56","2.89","1.33",".301","72.1 %","41.5 %","12.2 %","4.53","4.69","4.47","14.7"
"2008","Athletics","75","86","33","602","161","1435.0","6.65","3.61","0.85",".287","72.2 %","41.2 %","8.0 %","4.01","4.19","4.53","14.7"
"2010","Yankees","95","67","39","592","162","1442.1","7.20","3.37","1.12",".281","74.0 %","43.9 %","10.7 %","4.06","4.34","4.15","14.6"
"2011","Rays","91","71","32","600","162","1449.0","7.10","3.13","1.00",".265","75.5 %","42.1 %","9.8 %","3.58","4.03","4.01","14.6"
"2007","Mets","88","74","39","661","162","1452.1","7.03","3.53","1.02",".287","71.4 %","40.8 %","9.2 %","4.27","4.46","4.52","14.6"
"2010","Marlins","80","82","39","643","162","1438.1","7.31","3.44","0.84",".301","71.3 %","43.6 %","8.1 %","4.09","3.92","4.11","14.6"
"2010","Reds","91","71","43","664","162","1453.0","7.00","3.25","0.98",".288","73.6 %","42.9 %","9.4 %","4.02","4.12","4.13","14.5"
"2009","Royals","65","97","34","588","162","1426.0","7.28","3.79","1.05",".307","68.0 %","43.8 %","10.0 %","4.83","4.36","4.38","14.5"
"2005","Nationals","81","81","51","632","162","1458.0","6.15","3.33","0.86",".290","74.5 %","40.2 %","8.3 %","3.87","4.16","4.51","14.5"
"2005","Braves","90","72","38","646","162","1443.2","5.79","3.24","0.90",".294","74.4 %","46.7 %","10.3 %","3.98","4.19","4.23","14.4"
"2008","Brewers","90","72","45","607","162","1455.2","6.86","3.26","1.08",".285","74.5 %","45.4 %","11.7 %","3.87","4.34","4.14","14.3"
"2002","Cardinals","97","65","42","634","162","1446.1","6.28","3.40","0.88",".277","74.5 %","43.7 %","9.1 %","3.70","4.09","4.30","14.2"
"2007","Mariners","88","74","43","618","162","1434.1","6.40","3.43","0.92",".315","69.3 %","43.6 %","8.4 %","4.77","4.42","4.62","14.2"
"2006","Phillies","85","77","42","662","162","1460.1","7.01","3.16","1.30",".304","71.9 %","43.7 %","13.0 %","4.61","4.65","4.33","14.2"
"2013","Mariners","71","91","43","610","162","1465.0","7.97","2.94","1.07",".303","70.7 %","45.3 %","11.8 %","4.32","3.89","3.72","14.0"
"2002","White Sox","81","81","35","585","162","1423.0","5.98","3.34","1.20",".279","69.5 %","42.1 %","11.3 %","4.57","4.61","4.51","14.0"
"2010","Cardinals","86","76","32","617","162","1453.2","6.77","2.95","0.82",".292","74.0 %","49.5 %","9.2 %","3.57","3.85","3.87","14.0"
"2005","Blue Jays","80","82","35","594","162","1447.0","5.96","2.76","1.15",".286","74.2 %","45.7 %","11.7 %","4.06","4.42","4.26","14.0"
"2009","Marlins","87","75","45","692","162","1446.1","7.77","3.74","1.00",".298","70.7 %","43.3 %","9.9 %","4.32","4.15","4.18","13.9"
"2005","Red Sox","95","67","38","604","162","1429.0","6.04","2.77","1.03",".303","68.9 %","42.4 %","9.6 %","4.74","4.28","4.44","13.9"
"2011","Nationals","80","81","49","664","161","1449.1","6.51","2.96","0.80",".287","73.6 %","44.6 %","8.2 %","3.58","3.83","4.04","13.8"
"2011","Diamondbacks","94","68","58","625","162","1443.1","6.60","2.76","0.99",".286","73.9 %","41.9 %","9.5 %","3.80","4.02","4.05","13.8"
"2010","Cubs","75","87","40","644","162","1436.2","7.94","3.79","0.96",".298","70.4 %","43.3 %","9.5 %","4.24","4.11","4.08","13.8"
"2009","Mariners","85","77","49","572","162","1452.2","6.46","3.31","1.07",".272","73.4 %","41.2 %","9.7 %","3.87","4.39","4.46","13.8"
"2005","Rangers","79","83","46","616","162","1440.0","5.83","3.26","0.99",".304","67.4 %","46.0 %","10.0 %","4.97","4.37","4.46","13.7"
"2011","Red Sox","90","72","36","606","162","1457.1","7.49","3.33","0.96",".285","70.8 %","42.3 %","9.1 %","4.20","4.05","4.13","13.7"
"2011","Cardinals","90","72","47","630","162","1462.0","6.76","2.76","0.84",".296","71.6 %","47.7 %","9.3 %","3.79","3.75","3.79","13.7"
"2007","Twins","79","83","38","600","162","1436.2","6.85","2.63","1.16",".301","72.9 %","42.9 %","10.6 %","4.18","4.37","4.22","13.7"
"2009","Angels","97","65","51","596","162","1445.0","6.61","3.26","1.12",".301","72.4 %","41.7 %","10.1 %","4.45","4.45","4.46","13.6"
"2014","Brewers","82","80","45","640","162","1457.2","7.69","2.66","1.03",".289","74.0 %","45.6 %","11.3 %","3.67","3.89","3.65","13.6"
"2014","Orioles","96","66","53","641","162","1461.1","7.23","2.91","0.93",".280","77.0 %","43.8 %","9.8 %","3.44","3.96","3.92","13.6"
"2008","Mets","89","73","43","719","162","1464.1","7.26","3.63","1.00",".289","73.6 %","43.1 %","10.5 %","4.07","4.32","4.26","13.6"
"2007","Yankees","94","68","34","684","162","1450.2","6.26","3.59","0.93",".299","70.6 %","42.8 %","8.5 %","4.50","4.51","4.70","13.5"
"2010","Angels","80","82","39","572","162","1449.1","7.02","3.51","0.92",".292","72.9 %","42.6 %","8.5 %","4.04","4.11","4.24","13.5"
"2009","Tigers","86","77","42","602","163","1447.0","6.85","3.69","1.13",".293","73.2 %","42.7 %","10.6 %","4.34","4.53","4.45","13.5"
"2012","Royals","72","90","44","662","162","1451.1","7.30","3.36","1.01",".311","72.4 %","43.2 %","10.5 %","4.30","4.18","4.29","13.5"
"2011","Padres","71","91","44","651","162","1449.1","7.07","3.24","0.78",".283","74.5 %","44.0 %","8.2 %","3.43","3.73","3.93","13.4"
"2009","Rays","84","78","41","672","162","1427.1","7.09","3.25","1.15",".289","71.2 %","41.5 %","10.5 %","4.36","4.37","4.30","13.4"
"2004","Phillies","86","76","43","638","162","1462.2","6.58","3.09","1.32",".286","72.6 %","42.4 %","12.3 %","4.47","4.65","4.43","13.4"
"2006","Red Sox","86","76","46","616","162","1441.1","6.68","3.18","1.13",".311","69.8 %","43.8 %","10.8 %","4.83","4.50","4.50","13.4"
"2002","Mets","75","86","36","612","161","1442.2","6.91","3.39","1.02",".287","73.3 %","42.7 %","10.2 %","3.91","4.14","4.20","13.4"
"2006","Mariners","78","84","47","591","162","1446.2","6.64","3.48","1.14",".297","71.1 %","42.9 %","10.7 %","4.60","4.59","4.61","13.4"
"2009","Phillies","93","69","44","621","162","1455.2","7.13","3.02","1.17",".296","75.0 %","40.8 %","11.0 %","4.16","4.36","4.22","13.3"
"2011","Marlins","72","90","40","670","162","1459.2","7.51","3.08","0.92",".292","71.5 %","44.6 %","9.6 %","3.95","3.79","3.80","13.3"
"2008","Twins","88","75","42","648","163","1459.0","6.14","2.50","1.13",".301","72.1 %","42.0 %","10.2 %","4.18","4.30","4.29","13.3"
"2009","Twins","87","76","48","643","163","1453.0","6.52","2.89","1.15",".301","72.0 %","40.9 %","9.7 %","4.50","4.39","4.45","13.2"
"2014","Marlins","77","85","42","649","162","1457.2","7.35","2.83","0.70",".310","71.9 %","46.9 %","8.0 %","3.79","3.56","3.75","13.2"
"2007","Braves","84","78","36","690","162","1456.1","6.83","3.32","1.06",".288","72.4 %","45.3 %","10.8 %","4.11","4.45","4.29","13.1"
"2010","Athletics","81","81","38","585","162","1431.2","6.73","3.22","0.96",".274","75.1 %","46.1 %","9.7 %","3.58","4.13","4.08","13.1"
"2008","Marlins","84","77","36","672","161","1435.1","7.07","3.67","1.01",".290","70.6 %","41.7 %","9.8 %","4.44","4.37","4.42","13.1"
"2002","Phillies","80","81","47","611","161","1449.2","6.67","3.54","0.95",".282","71.8 %","46.5 %","10.4 %","4.17","4.18","4.20","13.1"
"2006","Giants","76","85","37","599","161","1429.2","6.24","3.68","0.96",".287","69.1 %","41.9 %","8.9 %","4.64","4.52","4.82","13.0"
"2004","White Sox","83","79","34","561","162","1432.1","6.37","3.31","1.41",".293","70.7 %","43.5 %","13.8 %","4.91","4.87","4.45","13.0"
"2008","Indians","81","81","31","561","162","1437.0","6.18","2.78","1.06",".301","70.7 %","44.7 %","10.5 %","4.46","4.33","4.28","13.0"
"2014","Mets","79","83","42","651","162","1463.2","8.01","3.13","0.87",".295","75.7 %","45.8 %","9.9 %","3.49","3.75","3.70","12.9"
"2012","Giants","94","68","53","688","162","1451.0","7.67","3.03","0.88",".289","73.6 %","46.0 %","9.9 %","3.68","3.78","3.95","12.9"
"2013","Marlins","62","100","36","633","162","1460.0","7.26","3.24","0.75",".292","73.2 %","45.3 %","8.4 %","3.71","3.69","3.96","12.9"
"2013","Phillies","73","89","32","628","162","1436.1","7.51","3.17","0.95",".306","70.5 %","44.5 %","10.1 %","4.34","3.94","4.00","12.9"
"2008","Reds","74","88","34","669","162","1442.1","7.66","3.48","1.25",".312","72.5 %","42.7 %","12.7 %","4.55","4.54","4.18","12.9"
"2014","Reds","76","86","44","590","162","1446.0","8.03","3.16","1.01",".277","76.5 %","45.1 %","11.6 %","3.59","4.01","3.75","12.8"
"2004","Giants","91","71","46","683","162","1457.0","6.30","3.39","0.99",".290","70.6 %","44.9 %","10.0 %","4.34","4.31","4.44","12.7"
"2010","Mariners","61","101","38","520","162","1438.0","6.09","2.83","0.98",".279","71.4 %","43.4 %","9.0 %","3.95","4.17","4.23","12.7"
"2010","Mets","79","83","36","653","162","1453.0","6.85","3.38","0.84",".296","74.9 %","44.8 %","8.4 %","3.73","4.00","4.14","12.7"
"2006","Pirates","67","95","39","667","162","1435.0","6.65","3.89","0.98",".312","71.3 %","45.5 %","10.4 %","4.55","4.53","4.59","12.5"
"2011","Indians","80","82","38","645","162","1453.1","6.34","2.87","0.95",".293","69.5 %","45.4 %","9.5 %","4.24","4.06","4.09","12.5"
"2005","Orioles","74","88","38","636","162","1427.2","6.63","3.66","1.13",".292","70.2 %","45.5 %","11.9 %","4.56","4.51","4.34","12.4"
"2004","Mets","71","91","31","636","162","1449.0","6.07","3.68","0.97",".284","72.7 %","45.7 %","9.9 %","4.10","4.43","4.57","12.3"
"2006","Marlins","78","84","41","600","162","1433.1","6.83","3.91","1.04",".299","72.0 %","42.7 %","10.0 %","4.37","4.59","4.72","12.2"
"2002","Blue Jays","78","84","41","623","162","1438.1","6.20","3.69","1.11",".294","69.7 %","43.9 %","10.9 %","4.81","4.56","4.52","12.2"
"2011","Rockies","73","89","41","679","162","1447.2","6.95","3.25","1.09",".298","70.6 %","46.1 %","11.6 %","4.44","4.24","3.98","12.2"
"2008","Padres","63","99","30","653","162","1458.1","6.79","3.46","1.02",".294","70.9 %","42.4 %","10.1 %","4.41","4.33","4.33","12.2"
"2012","Marlins","69","93","38","645","162","1440.2","6.95","3.09","0.83",".300","70.3 %","45.0 %","9.2 %","4.10","3.89","4.17","12.2"
"2007","Royals","69","93","36","610","162","1437.1","6.22","3.26","1.05",".304","71.0 %","41.1 %","9.3 %","4.50","4.55","4.61","12.1"
"2010","Nationals","69","93","37","656","162","1435.0","6.70","3.21","0.95",".297","70.8 %","44.5 %","9.4 %","4.13","4.12","4.13","12.1"
"2003","Indians","68","94","34","590","162","1459.1","5.82","3.09","1.10",".284","70.6 %","44.0 %","11.7 %","4.21","4.49","4.43","12.1"
"2014","Red Sox","71","91","36","655","162","1465.2","7.45","2.96","0.95",".301","71.8 %","43.6 %","9.9 %","4.01","3.93","3.87","12.1"
"2005","Diamondbacks","77","85","45","620","162","1456.1","6.41","3.32","1.19",".303","69.3 %","45.4 %","12.9 %","4.87","4.55","4.25","11.9"
"2002","Marlins","79","83","36","623","162","1456.1","6.82","3.90","0.93",".295","71.4 %","43.1 %","9.6 %","4.36","4.21","4.36","11.8"
"2007","Astros","73","89","38","638","162","1464.2","6.81","3.13","1.27",".300","71.7 %","44.0 %","11.5 %","4.70","4.73","4.44","11.8"
"2003","Orioles","71","91","41","588","163","1449.2","6.09","3.27","1.23",".301","71.6 %","42.4 %","12.4 %","4.76","4.71","4.54","11.8"
"2004","Blue Jays","67","94","37","592","161","1421.0","6.05","3.85","1.15",".296","70.3 %","44.7 %","11.2 %","4.93","4.77","4.73","11.7"
"2009","Astros","74","88","39","659","162","1430.0","7.20","3.44","1.11",".311","72.0 %","45.6 %","11.5 %","4.54","4.35","4.16","11.7"
"2005","Giants","75","87","46","673","162","1444.1","6.06","3.69","0.94",".289","71.6 %","42.2 %","9.0 %","4.35","4.35","4.59","11.7"
"2014","Blue Jays","83","79","45","611","162","1443.0","7.48","3.06","0.94",".294","72.7 %","42.9 %","9.4 %","4.00","3.97","3.99","11.6"
"2014","Giants","88","74","46","637","162","1449.0","7.52","2.42","0.83",".282","72.7 %","45.9 %","9.4 %","3.50","3.58","3.59","11.5"
"2008","Braves","72","90","26","707","162","1440.2","6.72","3.66","0.97",".293","69.7 %","48.3 %","11.4 %","4.47","4.35","4.20","11.5"
"2011","Cubs","71","91","40","657","162","1434.1","7.68","3.64","1.02",".301","71.3 %","43.0 %","10.3 %","4.34","4.11","4.02","11.4"
"2003","Angels","77","85","39","537","162","1431.1","6.16","3.06","1.19",".283","72.6 %","39.4 %","11.1 %","4.28","4.57","4.58","11.3"
"2002","Reds","78","84","42","624","162","1453.2","6.07","3.41","1.07",".293","71.5 %","45.8 %","11.5 %","4.29","4.41","4.30","11.3"
"2008","Astros","86","75","48","649","161","1425.1","6.91","3.11","1.24",".293","72.8 %","43.3 %","12.1 %","4.39","4.53","4.24","11.3"
"2005","Dodgers","71","91","40","620","162","1427.1","6.33","2.97","1.15",".285","70.8 %","45.9 %","12.0 %","4.38","4.40","4.20","11.3"
"2009","Padres","75","87","45","689","162","1450.2","7.36","3.74","1.04",".294","70.9 %","43.5 %","10.1 %","4.37","4.30","4.29","11.3"
"2014","Twins","70","92","38","653","162","1435.0","6.47","2.56","0.92",".315","68.9 %","41.8 %","8.6 %","4.58","3.97","4.12","11.2"
"2002","Tigers","55","106","33","533","161","1414.0","5.05","2.95","1.04",".302","66.4 %","42.3 %","9.3 %","4.94","4.45","4.67","11.2"
"2010","Brewers","77","85","35","657","162","1439.0","7.87","3.64","1.08",".308","70.0 %","41.8 %","10.3 %","4.59","4.21","4.07","11.2"
"2010","Orioles","66","96","35","616","162","1436.1","6.31","3.26","1.17",".294","71.3 %","42.1 %","10.2 %","4.59","4.57","4.44","11.1"
"2007","Tigers","88","74","44","605","162","1447.1","6.51","3.52","1.08",".295","70.7 %","44.2 %","10.2 %","4.58","4.67","4.59","11.1"
"2008","Cardinals","86","76","42","668","162","1454.0","5.92","3.07","1.01",".295","72.9 %","45.3 %","10.3 %","4.20","4.40","4.37","11.0"
"2007","Orioles","69","93","30","652","162","1438.2","6.80","4.35","1.01",".302","68.4 %","44.9 %","9.7 %","5.19","4.78","4.78","11.0"
"2014","White Sox","73","89","36","615","162","1441.0","7.20","3.48","0.87",".306","70.4 %","46.1 %","9.4 %","4.30","4.10","4.11","11.0"
"2006","Braves","79","83","38","684","162","1441.1","6.55","3.57","1.14",".300","71.1 %","45.0 %","11.6 %","4.60","4.65","4.53","11.0"
"2014","Astros","70","92","31","600","162","1438.2","7.11","3.03","0.87",".299","70.3 %","46.4 %","9.6 %","4.14","3.93","3.91","10.9"
"2007","Pirates","68","94","32","657","162","1447.2","6.20","3.22","1.08",".315","69.5 %","44.1 %","10.0 %","4.94","4.66","4.60","10.9"
"2004","Tigers","72","90","35","594","162","1439.2","6.22","3.31","1.19",".299","68.9 %","45.9 %","11.7 %","4.93","4.60","4.48","10.9"
"2009","Reds","78","84","41","640","162","1458.1","6.60","3.56","1.16",".283","74.4 %","42.1 %","10.9 %","4.18","4.63","4.50","10.7"
"2013","Orioles","85","77","57","635","162","1453.0","7.24","2.93","1.25",".291","74.6 %","42.2 %","12.9 %","4.20","4.33","3.99","10.7"
"2004","Diamondbacks","51","111","33","633","162","1436.0","7.23","4.19","1.23",".297","68.0 %","46.1 %","13.5 %","4.98","4.78","4.43","10.6"
"2014","Diamondbacks","64","98","35","650","162","1444.1","7.96","2.92","0.96",".312","70.3 %","46.1 %","11.1 %","4.26","3.83","3.63","10.4"
"2006","Cubs","66","96","29","704","162","1439.0","7.82","4.30","1.31",".286","70.9 %","41.6 %","12.8 %","4.74","4.88","4.58","10.4"
"2012","Pirates","79","83","45","645","162","1433.1","7.48","3.08","0.96",".286","72.6 %","46.6 %","11.0 %","3.91","3.94","3.97","10.3"
"2011","Mets","77","85","43","676","162","1448.0","7.00","3.19","0.91",".299","71.2 %","46.1 %","9.4 %","4.19","4.00","4.04","10.3"
"2011","Blue Jays","81","81","33","636","162","1458.2","7.21","3.33","1.10",".290","71.6 %","44.4 %","11.3 %","4.33","4.29","4.06","10.3"
"2005","Rockies","67","95","37","621","162","1418.2","6.22","3.83","1.11",".314","69.8 %","44.2 %","11.3 %","5.14","4.70","4.59","10.2"
"2014","Pirates","88","74","48","614","162","1456.1","7.59","3.08","0.79",".290","74.2 %","50.5 %","10.3 %","3.49","3.80","3.71","10.1"
"2013","Brewers","74","88","40","663","162","1442.2","7.02","2.91","1.09",".286","73.5 %","44.4 %","11.9 %","3.84","4.12","3.94","10.0"
"2007","Phillies","89","73","42","660","162","1458.1","6.48","3.44","1.22",".301","71.5 %","43.5 %","11.9 %","4.76","4.86","4.52","9.9"
"2013","Blue Jays","74","88","39","649","162","1452.0","7.49","3.10","1.21",".293","72.3 %","44.0 %","12.3 %","4.26","4.30","4.04","9.8"
"2007","Cardinals","78","84","34","678","162","1435.2","5.92","3.19","1.05",".293","68.1 %","43.5 %","9.6 %","4.67","4.66","4.67","9.8"
"2003","Royals","83","79","36","570","162","1438.2","5.41","3.54","1.19",".295","68.9 %","41.6 %","11.0 %","5.07","4.86","4.90","9.7"
"2005","Tigers","71","91","37","587","162","1435.2","5.69","2.89","1.21",".290","70.4 %","45.7 %","11.9 %","4.52","4.57","4.38","9.7"
"2004","Expos","67","95","31","624","162","1447.0","6.42","3.62","1.19",".291","73.2 %","44.6 %","12.1 %","4.33","4.71","4.54","9.7"
"2004","Indians","80","82","32","641","162","1466.2","6.84","3.55","1.23",".301","69.9 %","43.8 %","12.3 %","4.82","4.62","4.43","9.4"
"2011","Royals","71","91","37","582","162","1451.1","6.70","3.45","1.01",".299","71.5 %","43.9 %","9.9 %","4.45","4.27","4.24","9.4"
"2013","Diamondbacks","81","81","38","689","162","1495.0","7.33","2.92","1.06",".292","74.5 %","46.0 %","12.2 %","3.92","4.04","3.83","9.4"
"2013","Angels","78","84","41","658","162","1457.2","7.41","3.29","1.03",".300","72.3 %","42.1 %","10.4 %","4.24","4.08","4.10","9.4"
"2005","Mariners","69","93","39","595","162","1427.2","5.62","3.13","1.13",".287","72.0 %","41.4 %","9.9 %","4.49","4.56","4.68","9.3"
"2013","Giants","76","86","41","686","162","1447.1","7.81","3.24","0.90",".295","72.1 %","42.1 %","9.9 %","4.00","3.80","3.89","9.2"
"2007","Devil Rays","66","96","28","645","162","1429.2","7.52","3.58","1.25",".331","66.8 %","41.8 %","11.1 %","5.53","4.70","4.47","9.2"
"2012","Astros","55","107","31","703","162","1423.1","7.40","3.41","1.09",".306","70.0 %","47.9 %","12.2 %","4.57","4.27","4.15","9.2"
"2007","Rangers","75","87","42","629","162","1430.0","6.14","4.20","0.98",".303","69.4 %","46.5 %","9.7 %","4.76","4.83","4.82","9.1"
"2003","Pirates","75","87","44","619","162","1444.1","5.77","3.13","1.11",".292","70.0 %","45.2 %","11.8 %","4.65","4.52","4.44","9.1"
"2004","Royals","58","104","25","571","162","1420.1","5.62","3.28","1.32",".307","68.0 %","41.0 %","11.3 %","5.16","4.92","4.85","9.0"
"2013","Cubs","66","96","39","651","162","1448.0","7.36","3.36","0.99",".279","72.8 %","42.4 %","10.3 %","4.00","4.10","4.13","9.0"
"2013","Twins","66","96","40","673","162","1450.1","6.11","2.84","1.04",".309","70.2 %","43.7 %","10.2 %","4.55","4.23","4.28","9.0"
"2002","Padres","66","96","40","622","162","1436.1","6.94","3.65","1.11",".306","70.5 %","44.4 %","11.8 %","4.66","4.37","4.22","8.9"
"2012","Angels","89","73","38","606","162","1433.1","7.26","3.03","1.17",".277","72.6 %","43.9 %","12.1 %","4.02","4.26","4.15","8.9"
"2004","Mariners","63","99","28","576","162","1459.1","6.39","3.55","1.31",".286","71.5 %","39.3 %","11.3 %","4.76","4.85","4.79","8.9"
"2003","Rangers","71","91","43","656","162","1433.1","6.34","3.79","1.31",".313","66.1 %","40.9 %","13.9 %","5.69","4.90","4.54","8.9"
"2006","Devil Rays","61","101","33","606","162","1420.1","6.20","3.84","1.14",".312","70.1 %","42.5 %","10.3 %","4.97","4.83","4.91","8.8"
"2002","Orioles","67","95","31","569","162","1450.2","6.00","3.41","1.29",".286","73.3 %","45.5 %","13.2 %","4.46","4.74","4.37","8.8"
"2013","Padres","76","86","40","650","162","1455.0","7.24","3.25","0.96",".292","72.5 %","45.8 %","10.8 %","3.98","4.00","3.96","8.8"
"2003","Rockies","74","88","34","662","162","1420.0","5.49","3.50","1.27",".307","69.2 %","43.7 %","12.9 %","5.24","4.99","4.74","8.8"
"2012","Indians","68","94","43","656","162","1442.0","6.78","3.39","1.09",".300","67.6 %","45.9 %","11.4 %","4.79","4.40","4.39","8.8"
"2009","Pirates","62","99","28","617","161","1418.1","5.83","3.57","0.96",".300","70.6 %","43.8 %","9.1 %","4.59","4.48","4.63","8.7"
"2009","Mets","70","92","39","673","162","1426.0","6.51","3.89","1.00",".292","71.8 %","42.5 %","9.1 %","4.46","4.50","4.66","8.6"
"2007","Marlins","71","91","40","722","162","1443.2","7.12","4.12","1.10",".321","69.4 %","41.7 %","10.2 %","4.96","4.77","4.69","8.3"
"2003","Mets","66","95","38","573","161","1413.1","5.78","3.67","1.07",".295","72.5 %","42.1 %","10.1 %","4.50","4.61","4.78","8.3"
"2014","Rangers","67","95","33","638","162","1426.1","7.00","3.19","1.01",".310","70.4 %","39.5 %","9.3 %","4.49","4.22","4.26","8.2"
"2008","Nationals","59","102","28","678","161","1434.0","6.67","3.69","1.19",".296","70.1 %","42.4 %","11.6 %","4.66","4.71","4.49","8.2"
"2010","Royals","67","95","44","603","162","1436.2","6.48","3.45","1.10",".304","68.6 %","42.5 %","9.8 %","4.97","4.48","4.41","8.2"
"2012","Padres","76","86","43","691","162","1434.2","7.56","3.38","1.02",".284","71.8 %","47.5 %","11.7 %","4.01","4.11","4.05","8.0"
"2011","Twins","63","99","32","619","162","1421.2","5.95","3.04","1.02",".307","69.1 %","44.0 %","9.5 %","4.60","4.30","4.33","8.0"
"2009","Indians","65","97","25","607","162","1434.0","6.19","3.75","1.15",".305","68.9 %","43.1 %","10.3 %","5.07","4.73","4.69","7.9"
"2010","Indians","69","93","34","632","162","1433.0","6.07","3.59","0.92",".297","71.4 %","47.9 %","9.3 %","4.30","4.40","4.41","7.8"
"2008","Mariners","61","101","36","631","162","1435.1","6.37","3.93","1.01",".307","70.7 %","44.7 %","9.8 %","4.73","4.59","4.64","7.8"
"2006","Cardinals","83","78","38","630","161","1429.2","6.11","3.17","1.21",".288","72.5 %","46.2 %","12.5 %","4.54","4.77","4.54","7.8"
"2009","Orioles","64","98","31","646","162","1429.0","5.88","3.44","1.37",".307","70.3 %","41.7 %","11.6 %","5.16","5.03","4.78","7.7"
"2002","Rangers","72","90","33","649","162","1439.2","6.44","4.18","1.21",".298","69.5 %","43.2 %","12.0 %","5.16","4.84","4.64","7.6"
"2006","Orioles","70","92","35","634","162","1419.0","6.44","3.89","1.37",".307","69.2 %","42.3 %","12.7 %","5.35","5.09","4.80","7.6"
"2002","Royals","62","100","30","583","162","1441.0","5.68","3.57","1.32",".296","69.0 %","43.1 %","12.6 %","5.21","4.91","4.62","7.5"
"2012","Blue Jays","73","89","29","657","162","1443.2","7.12","3.58","1.27",".291","72.0 %","46.5 %","14.1 %","4.64","4.66","4.30","7.4"
"2003","Cardinals","85","77","41","622","162","1463.2","5.96","3.12","1.29",".289","72.5 %","41.1 %","12.2 %","4.62","4.75","4.60","7.3"
"2011","Reds","79","83","39","663","162","1467.2","6.82","3.31","1.13",".282","73.7 %","44.8 %","11.5 %","4.16","4.37","4.11","7.3"
"2004","Rockies","68","94","36","635","162","1435.1","5.94","4.37","1.24",".311","69.6 %","45.3 %","12.3 %","5.54","5.13","4.93","7.3"
"2004","Devil Rays","70","91","35","562","161","1417.0","5.86","3.68","1.22",".283","69.2 %","40.9 %","10.7 %","4.82","4.93","4.97","7.2"
"2005","Pirates","67","95","35","613","162","1436.0","6.00","3.84","1.02",".290","71.6 %","43.9 %","10.3 %","4.44","4.57","4.60","7.2"
"2002","Pirates","72","89","47","619","161","1412.2","5.86","3.64","1.04",".290","72.8 %","47.8 %","12.0 %","4.24","4.49","4.32","7.1"
"2005","Reds","73","89","31","654","163","1433.0","6.00","3.09","1.38",".309","69.7 %","41.3 %","12.3 %","5.18","4.87","4.60","7.0"
"2012","Red Sox","69","93","35","651","162","1443.0","7.33","3.30","1.19",".296","69.6 %","46.4 %","13.2 %","4.72","4.41","4.16","7.0"
"2012","Rockies","64","98","36","737","162","1422.0","7.24","3.58","1.25",".325","68.9 %","45.2 %","13.7 %","5.22","4.59","4.28","7.0"
"2008","Rangers","79","83","36","619","162","1442.0","6.01","3.90","1.10",".315","65.7 %","43.2 %","10.2 %","5.37","4.83","4.82","6.8"
"2008","Tigers","74","88","34","602","162","1445.0","6.17","4.01","1.07",".302","69.4 %","42.0 %","9.7 %","4.91","4.79","4.86","6.8"
"2003","Brewers","68","94","44","622","162","1452.0","6.41","3.56","1.36",".300","70.5 %","40.9 %","12.5 %","5.03","4.88","4.68","6.8"
"2003","Reds","69","93","38","637","162","1446.1","5.80","3.67","1.30",".295","69.2 %","42.6 %","12.9 %","5.09","4.94","4.70","6.6"
"2002","Rockies","73","89","43","668","162","1426.2","5.80","3.67","1.42",".292","69.1 %","43.6 %","13.9 %","5.21","5.08","4.60","6.5"
"2011","Astros","56","106","25","665","162","1435.0","7.47","3.51","1.18",".301","70.8 %","43.2 %","12.0 %","4.51","4.35","4.02","6.3"
"2011","Orioles","69","93","32","640","162","1446.2","6.49","3.33","1.31",".302","69.5 %","43.1 %","12.1 %","4.92","4.67","4.29","6.3"
"2005","Royals","56","106","25","605","162","1413.1","5.88","3.69","1.13",".317","66.5 %","44.4 %","10.7 %","5.56","4.74","4.72","6.1"
"2011","Pirates","72","90","43","711","162","1449.1","6.40","3.32","0.94",".300","73.7 %","45.6 %","9.8 %","4.05","4.20","4.18","5.8"
"2014","Rockies","66","96","24","709","162","1431.0","6.75","3.34","1.09",".307","69.2 %","47.7 %","12.7 %","4.86","4.43","4.04","5.7"
"2004","Reds","76","86","47","659","162","1443.2","6.18","3.57","1.47",".296","69.5 %","42.5 %","13.7 %","5.21","5.10","4.67","5.6"
"2009","Brewers","80","82","44","674","162","1435.0","6.92","3.81","1.30",".295","71.9 %","42.6 %","12.0 %","4.84","4.84","4.54","5.4"
"2005","Devil Rays","67","95","43","563","162","1421.2","6.01","3.89","1.23",".302","66.4 %","39.3 %","10.6 %","5.40","4.89","4.90","4.9"
"2002","Brewers","56","106","32","608","162","1432.1","6.45","4.18","1.25",".289","71.7 %","42.1 %","12.4 %","4.76","4.86","4.61","4.8"
"2009","Nationals","59","103","33","694","162","1424.1","5.76","3.97","1.09",".296","67.9 %","44.4 %","10.3 %","5.02","4.82","4.80","4.8"
"2010","Pirates","57","105","31","679","162","1411.2","6.54","3.43","1.06",".311","67.4 %","44.0 %","10.0 %","5.00","4.45","4.35","4.7"
"2012","Cubs","61","101","28","655","162","1413.2","7.18","3.65","1.11",".291","71.3 %","43.2 %","11.8 %","4.51","4.46","4.39","4.6"
"2006","Nationals","71","91","32","679","162","1436.1","6.02","3.66","1.21",".292","69.0 %","39.6 %","10.2 %","5.03","4.97","5.08","4.6"
"2007","Nationals","73","89","46","750","162","1446.2","5.79","3.61","1.16",".286","72.0 %","39.7 %","9.6 %","4.58","4.92","4.93","4.4"
"2008","Pirates","67","95","34","659","162","1455.0","5.96","4.06","1.09",".311","69.5 %","44.0 %","10.8 %","5.10","4.84","4.74","4.4"
"2003","Padres","64","98","31","635","162","1431.1","6.86","3.84","1.31",".289","70.7 %","43.9 %","13.7 %","4.87","4.81","4.47","3.9"
"2008","Orioles","68","93","35","653","161","1422.0","5.84","4.35","1.16",".298","70.1 %","44.6 %","10.7 %","5.15","5.14","5.04","3.7"
"2012","Twins","66","96","35","661","162","1438.2","5.90","2.91","1.24",".294","68.9 %","45.7 %","12.7 %","4.77","4.66","4.46","3.7"
"2010","Diamondbacks","65","97","35","616","162","1432.0","6.72","3.44","1.32",".296","70.1 %","41.8 %","12.0 %","4.81","4.76","4.35","3.5"
"2003","Devil Rays","63","99","30","534","162","1436.2","5.49","4.00","1.23",".278","69.8 %","40.1 %","11.1 %","4.93","5.12","5.13","3.1"
"2003","Tigers","43","119","27","613","162","1438.2","4.78","3.48","1.22",".296","66.5 %","42.5 %","11.6 %","5.32","5.01","4.95","2.9"
"2002","Devil Rays","55","106","25","467","161","1440.1","5.78","3.87","1.34",".296","68.8 %","38.6 %","11.7 %","5.29","5.11","4.94","2.8"
"2013","Astros","51","111","32","610","162","1440.0","6.78","3.85","1.19",".303","70.0 %","43.9 %","11.8 %","4.79","4.67","4.48","2.0"
"2006","Royals","62","100","35","635","162","1426.1","5.70","4.02","1.34",".311","67.1 %","42.2 %","12.1 %","5.67","5.29","5.09","0.5"
